source,m,method,layer,head,relative_error,log_absolute_mse
product,16,SVD,0,0,2.2658973463425327e-30,4123.177091996027
product,16,SVD,0,3,1.1867279065477508e-30,48447.14172861218
product,16,SVD,0,6,6.608119746396212e-130,7524.040883458675
product,16,SVD,0,9,2.266102936248831e-20,198.39967331583532
product,16,SVD,7,0,0.00026758899188093294,-8.28433797561903
product,16,SVD,7,3,4.378415995033246e-05,-11.678770954355873
product,16,SVD,7,6,1.9045606791023882e-05,32.97554501787798
product,16,SVD,7,9,0.0002056830940016989,15.525633470417054
product,16,SVD,14,0,0.0004481198606117732,-7.424533045978526
product,16,SVD,14,3,2.879234173267944e-05,3.37979385709969
product,16,SVD,14,6,0.005573597627363902,-7.278379972809816
product,16,SVD,14,9,7.459419929173707e-05,-11.04191818303355
product,16,SVD,27,0,0.0328529837535169,7.703544327982149
product,16,SVD,27,3,0.040015781769442434,8.418017733918107
product,16,SVD,27,6,0.015254530618920757,12.417398962604727
product,16,SVD,27,9,0.04532014752684068,8.882281969579429
product,16,NMF,0,0,1.9212069450661584e-07,4175.971531880778
product,16,NMF,0,3,7.383939245740044e-13,48488.113782600914
product,16,NMF,0,6,2.792199944647475e-131,7520.876829003947
product,16,NMF,0,9,2.1753304237726928e-06,230.5949836017443
product,16,NMF,7,0,0.0002932389136406816,-8.192802484886027
product,16,NMF,7,3,4.593258297226185e-05,-11.630868327453747
product,16,NMF,7,6,2.853582848608262e-05,33.3798689951438
product,16,NMF,7,9,0.00025253815567241665,15.730859213652531
product,16,NMF,14,0,0.00044989065770128725,-7.42058921826467
product,16,NMF,14,3,2.9284026771867102e-05,3.396726623377221
product,16,NMF,14,6,0.005641215237030384,-7.266321201992901
product,16,NMF,14,9,8.168711782577116e-05,-10.951084616854024
product,16,NMF,27,0,0.03689076929695165,7.8194631227395295
product,16,NMF,27,3,0.0435390629008387,8.502402346236556
product,16,NMF,27,6,0.016996892578020634,12.525552951728413
product,16,NMF,27,9,0.050471314414023444,8.989935421683837
product,16,FAVOR_plus,0,0,1.0,4191.436673925971
product,16,FAVOR_plus,0,3,1.0,48516.048081540495
product,16,FAVOR_plus,0,6,1.0,7821.488646390419
product,16,FAVOR_plus,0,9,1.0,243.6333135877305
product,16,FAVOR_plus,7,0,0.9949133576770466,-0.06337923192038097
product,16,FAVOR_plus,7,3,3.2671937847107575,-0.45860105673768814
product,16,FAVOR_plus,7,6,1.0,43.8442191155096
product,16,FAVOR_plus,7,9,1.0,24.014807422743672
product,16,FAVOR_plus,14,0,0.9998235899913819,0.28574034377569824
product,16,FAVOR_plus,14,3,0.9999999998668798,13.835194975209566
product,16,FAVOR_plus,14,6,1.0017752627299663,-2.086891744055956
product,16,FAVOR_plus,14,9,1.0337320722215584,-1.5052947470369986
product,16,FAVOR_plus,27,0,1.0003124937040975,11.11956948141132
product,16,FAVOR_plus,27,3,1.0000008216677458,11.636499914029768
product,16,FAVOR_plus,27,6,0.9999997881342593,16.60027748102481
product,16,FAVOR_plus,27,9,1.0002251533367335,11.976510685174619
product,16,centered_FAVOR_plus,0,0,0.9999999968957125,4191.436673922867
product,16,centered_FAVOR_plus,0,3,1.0,48516.048081540495
product,16,centered_FAVOR_plus,0,6,1.0,7821.488646390419
product,16,centered_FAVOR_plus,0,9,0.9999818696318888,243.63329545719805
product,16,centered_FAVOR_plus,7,0,2.9113889767124883,1.0103506702976688
product,16,centered_FAVOR_plus,7,3,1.8205729483475652,-1.0433812450632853
product,16,centered_FAVOR_plus,7,6,96.2983441454464,48.41167023941452
product,16,centered_FAVOR_plus,7,9,1.1417829248028872,24.147398432549366
product,16,centered_FAVOR_plus,14,0,1.3060120414360104,0.5528950202469556
product,16,centered_FAVOR_plus,14,3,1.000002418011801,13.835197393351566
product,16,centered_FAVOR_plus,14,6,2.6650017844719174,-1.1084607056564604
product,16,centered_FAVOR_plus,14,9,1.8466394944503501,-0.9251028739860363
product,16,centered_FAVOR_plus,27,0,10.728185552295134,13.49213147842825
product,16,centered_FAVOR_plus,27,3,154.44688976371717,16.67634937402802
product,16,centered_FAVOR_plus,27,6,43.02122454332064,20.361971280837395
product,16,centered_FAVOR_plus,27,9,137.77134117931203,16.901880920105746
product,32,SVD,0,0,4.991135707098117e-31,4121.664199523636
product,32,SVD,0,3,2.117285042580209e-31,48445.41807828535
product,32,SVD,0,6,4.9544276778296694e-142,7496.121844842405
product,32,SVD,0,9,3.7777868760284298e-31,173.5823140605526
product,32,SVD,7,0,0.0001360645731771598,-8.960660590732001
product,32,SVD,7,3,2.7039859090984003e-05,-12.160731021330445
product,32,SVD,7,6,1.0599574227155124e-06,30.086937297613062
product,32,SVD,7,9,6.137205031660522e-05,14.31625138972458
product,32,SVD,14,0,7.454214672978997e-05,-9.218229095279433
product,32,SVD,14,3,6.081113386573214e-07,-0.4777128736108427
product,32,SVD,14,6,0.001859619759460171,-8.376048675423036
product,32,SVD,14,9,3.204272698978707e-05,-11.886910699117449
product,32,SVD,27,0,0.010703048189751202,6.582030335985872
product,32,SVD,27,3,0.013275654908745197,7.314675713283448
product,32,SVD,27,6,0.004992945718700448,11.300548473887831
product,32,SVD,27,9,0.02140853353840069,8.132319884218406
product,32,NMF,0,0,6.363407689656648e-08,4174.866557216142
product,32,NMF,0,3,4.678475690836961e-13,48487.65744768136
product,32,NMF,0,6,2.300251157987141e-65,7672.653633661904
product,32,NMF,0,9,2.0530472524805485e-07,228.2345430908522
product,32,NMF,7,0,0.00016815674002225908,-8.748893645783783
product,32,NMF,7,3,2.948337116344489e-05,-12.074216646320941
product,32,NMF,7,6,3.114095968855919e-06,31.16464744899732
product,32,NMF,7,9,8.472863513312087e-05,14.638750486434683
product,32,NMF,14,0,7.646301311172261e-05,-9.192786653439411
product,32,NMF,14,3,7.221438600564491e-07,-0.3058464904032263
product,32,NMF,14,6,0.0019469104581233828,-8.330176976183557
product,32,NMF,14,9,3.7954381595736424e-05,-11.71759597549144
product,32,NMF,27,0,0.013874869394201423,6.841581004098741
product,32,NMF,27,3,0.01634242420248943,7.522508251813294
product,32,NMF,27,6,0.006206071387298562,11.518050482816994
product,32,NMF,27,9,0.02788989228942926,8.396794617852743
product,32,FAVOR_plus,0,0,1.0,4191.436673925971
product,32,FAVOR_plus,0,3,1.0,48516.048081540495
product,32,FAVOR_plus,0,6,1.0,7821.488646390419
product,32,FAVOR_plus,0,9,1.0,243.6333135877305
product,32,FAVOR_plus,7,0,0.9964012233229096,-0.061884876445923
product,32,FAVOR_plus,7,3,1.5515255817918228,-1.2032938101994617
product,32,FAVOR_plus,7,6,1.0,43.8442191155096
product,32,FAVOR_plus,7,9,1.0,24.014807422743672
product,32,FAVOR_plus,14,0,0.9998759494164027,0.2857927110678844
product,32,FAVOR_plus,14,3,0.9999999998305356,13.835194975173222
product,32,FAVOR_plus,14,6,0.9998670217498403,-2.0887984199620604
product,32,FAVOR_plus,14,9,1.0045263726611922,-1.533954212328224
product,32,FAVOR_plus,27,0,1.0000425046276997,11.119299540247615
product,32,FAVOR_plus,27,3,1.0001687351870991,11.636667813315276
product,32,FAVOR_plus,27,6,1.0016350170713362,16.60191137477667
product,32,FAVOR_plus,27,9,1.27891058664679,12.22229416853562
product,32,centered_FAVOR_plus,0,0,0.99999999836009,4191.436673924331
product,32,centered_FAVOR_plus,0,3,1.0,48516.048081540495
product,32,centered_FAVOR_plus,0,6,1.0,7821.488646390419
product,32,centered_FAVOR_plus,0,9,1.0015860975917494,243.63489842879792
product,32,centered_FAVOR_plus,7,0,4.483963486283603,1.4422277534704282
product,32,centered_FAVOR_plus,7,3,2.6951068449104563,-0.6510946542131659
product,32,centered_FAVOR_plus,7,6,24.94738604563891,47.06098816450875
product,32,centered_FAVOR_plus,7,9,1.0542967095392854,24.06768134134866
product,32,centered_FAVOR_plus,14,0,1.6980185964608154,0.8153788091548524
product,32,centered_FAVOR_plus,14,3,1.0000020053345209,13.835196980675198
product,32,centered_FAVOR_plus,14,6,22.384312523588264,1.0196949468748517
product,32,centered_FAVOR_plus,14,9,3.927064036461847,-0.17057828959641164
product,32,centered_FAVOR_plus,27,0,15.74665005578775,13.87588468430147
product,32,centered_FAVOR_plus,27,3,220.4823533665376,17.032316753962952
product,32,centered_FAVOR_plus,27,6,51.495090166866994,20.541764159449762
product,32,centered_FAVOR_plus,27,9,1316.509471615097,19.159024730633995
product,64,SVD,0,0,2.463541198733716e-34,4114.050380590695
product,64,SVD,0,3,1.5041485942162247e-36,48433.5632452127
product,64,SVD,0,6,1.974003160726952e-167,7437.636999402602
product,64,SVD,0,9,9.295829685528948e-33,169.8775713976046
product,64,SVD,7,0,5.178604554918631e-05,-9.926669444527285
product,64,SVD,7,3,1.282718861331375e-05,-12.90647603275173
product,64,SVD,7,6,2.357726711559723e-08,26.28123626855013
product,64,SVD,7,9,1.404953140495108e-05,12.841885908042181
product,64,SVD,14,0,1.3742779020571094e-05,-10.90908026459152
product,64,SVD,14,3,1.8922618945396145e-08,-3.947712885498335
product,64,SVD,14,6,0.0004661500394718979,-9.759668435414698
product,64,SVD,14,9,1.132102566175499e-05,-12.92731925490393
product,64,SVD,27,0,0.0022312018424248434,5.014042140627003
product,64,SVD,27,3,0.002782429154444288,5.752068156107486
product,64,SVD,27,6,0.0011304214493567143,9.81511294113138
product,64,SVD,27,9,0.007348112842571205,7.062973802343448
product,64,NMF,0,0,1.169664990415063e-08,4173.172710556849
product,64,NMF,0,3,4.226114644391482e-13,48487.555758378745
product,64,NMF,0,6,2.1374692502514998e-34,7743.960375764499
product,64,NMF,0,9,8.198139127046866e-08,227.31654003656854
product,64,NMF,7,0,7.965866094474821e-05,-9.496039398577482
product,64,NMF,7,3,1.5493608738037942e-05,-12.717615461950905
product,64,NMF,7,6,4.382329989815428e-07,29.20370400864354
product,64,NMF,7,9,2.562203468183121e-05,13.442749575808504
product,64,NMF,14,0,1.5560337432991e-05,-10.784868584177902
product,64,NMF,14,3,4.2483628100366514e-08,-3.138952081057935
product,64,NMF,14,6,0.0005384605989776956,-9.6154616650151
product,64,NMF,14,9,1.53471211018427e-05,-12.623053023661695
product,64,NMF,27,0,0.003806465883079414,5.548202926459156
product,64,NMF,27,3,0.004532805635801354,6.240084906811314
product,64,NMF,27,6,0.0017798767165734147,10.269066515461807
product,64,NMF,27,9,0.012760537056063543,7.614887644263076
product,64,FAVOR_plus,0,0,1.0,4191.436673925971
product,64,FAVOR_plus,0,3,1.0,48516.048081540495
product,64,FAVOR_plus,0,6,1.0,7821.488646390419
product,64,FAVOR_plus,0,9,1.0,243.6333135877305
product,64,FAVOR_plus,7,0,0.9961953649585681,-0.06209149966939442
product,64,FAVOR_plus,7,3,1.1299275107666225,-1.5203790224925928
product,64,FAVOR_plus,7,6,1.0,43.8442191155096
product,64,FAVOR_plus,7,9,1.0,24.014807422743672
product,64,FAVOR_plus,14,0,1.0007447604992334,0.28666125264914477
product,64,FAVOR_plus,14,3,0.9999999998788036,13.835194975221489
product,64,FAVOR_plus,14,6,1.3707190198976282,-1.7733299986635789
product,64,FAVOR_plus,14,9,0.9990122946484123,-1.5394585652262496
product,64,FAVOR_plus,27,0,1.4475521968387497,11.489131026330307
product,64,FAVOR_plus,27,3,1.0046848984292118,11.641173050810087
product,64,FAVOR_plus,27,6,1.000343541483639,16.60062117537735
product,64,FAVOR_plus,27,9,1.5864940122629207,12.437812115034765
product,64,centered_FAVOR_plus,0,0,0.9999999991602633,4191.436673925132
product,64,centered_FAVOR_plus,0,3,1.0,48516.048081540495
product,64,centered_FAVOR_plus,0,6,1.0,7821.488646390419
product,64,centered_FAVOR_plus,0,9,1.0007551545150954,243.63406845725987
product,64,centered_FAVOR_plus,7,0,2.7186034367456027,0.9418386974844548
product,64,centered_FAVOR_plus,7,3,1.8649599621766626,-1.0192929185315602
product,64,centered_FAVOR_plus,7,6,12.53791794625374,46.37297660393526
product,64,centered_FAVOR_plus,7,9,2.4226071016859287,24.899651697771432
product,64,centered_FAVOR_plus,14,0,16.039782104068564,3.060988787158111
product,64,centered_FAVOR_plus,14,3,1.0000548793892636,13.835249853226133
product,64,centered_FAVOR_plus,14,6,6.309618949274019,-0.2465901465274758
product,64,centered_FAVOR_plus,14,9,2.497971744214405,-0.62299127149622
product,64,centered_FAVOR_plus,27,0,19.541561798546248,14.091800608221453
product,64,centered_FAVOR_plus,27,3,187.49780178230358,16.870266213876384
product,64,centered_FAVOR_plus,27,6,16.575750453779612,19.408218504183687
product,64,centered_FAVOR_plus,27,9,1043.0953590490935,18.92623343566234
product,128,SVD,0,0,3.457849233229673e-65,4043.0092896682568
product,128,SVD,0,3,1.935272768596923e-68,48360.13254349913
product,128,SVD,0,6,8.66626420321928e-196,7372.341405973771
product,128,SVD,0,9,4.742885692358669e-44,143.87621524231471
product,128,SVD,7,0,1.2197360113151403e-05,-11.372570622401254
product,128,SVD,7,3,4.037087720470026e-06,-14.062519490601534
product,128,SVD,7,6,2.2789025142319048e-10,21.642062159240695
product,128,SVD,7,9,2.3182172004692836e-06,11.04009530697646
product,128,SVD,14,0,1.3620546722454117e-06,-13.220599440546849
product,128,SVD,14,3,9.827948482712665e-10,-6.905425741841803
product,128,SVD,14,6,7.159194845988736e-05,-11.633193374867899
product,128,SVD,14,9,2.5489517535818763e-06,-14.418298732108282
product,128,SVD,27,0,0.0002654779368892646,2.885278215559156
product,128,SVD,27,3,0.00034375041649887324,3.660904395011217
product,128,SVD,27,6,0.00014073696568662008,7.731659791523748
product,128,SVD,27,9,0.0015191108753383582,5.4866554914716
product,128,NMF,0,0,5.738853510576988e-09,4172.460667542573
product,128,NMF,0,3,4.0733610393228413e-13,48487.51894379842
product,128,NMF,0,6,1.794367138925409e-33,7746.0879907125445
product,128,NMF,0,9,4.9480994405678995e-08,226.8116363952301
product,128,NMF,7,0,3.0476260130552147e-05,-10.456842142396692
product,128,NMF,7,3,6.09471500236069e-06,-13.650621058771128
product,128,NMF,7,6,1.5948852822153984e-07,28.192925274825555
product,128,NMF,7,9,6.875548195483867e-06,12.127268242678086
product,128,NMF,14,0,2.022377206397206e-06,-12.825320134281997
product,128,NMF,14,3,7.869413258290146e-09,-4.825087356173523
product,128,NMF,14,6,0.0001103412791340164,-11.200597890397491
product,128,NMF,14,9,4.810335646781495e-06,-13.783214067017838
product,128,NMF,27,0,0.0008169174489531177,4.009284526640835
product,128,NMF,27,3,0.0010329814704681454,4.761193065765502
product,128,NMF,27,6,0.00039159839507576355,8.755003947197759
product,128,NMF,27,9,0.004543903996547282,6.5823168318742145
product,128,FAVOR_plus,0,0,1.0,4191.436673925971
product,128,FAVOR_plus,0,3,1.0,48516.048081540495
product,128,FAVOR_plus,0,6,1.0,7821.488646390419
product,128,FAVOR_plus,0,9,1.0,243.6333135877305
product,128,FAVOR_plus,7,0,0.9978180696549225,-0.06046392281720259
product,128,FAVOR_plus,7,3,1.0279225288600025,-1.6149927002330458
product,128,FAVOR_plus,7,6,1.0,43.8442191155096
product,128,FAVOR_plus,7,9,1.0,24.014807422743672
product,128,FAVOR_plus,14,0,0.9989257072496404,0.28484189912995994
product,128,FAVOR_plus,14,3,0.999999999722291,13.835194975064978
product,128,FAVOR_plus,14,6,1.13220213659187,-1.9645009031356313
product,128,FAVOR_plus,14,9,1.0517217823011624,-1.4880417579271423
product,128,FAVOR_plus,27,0,1.6728350275499253,11.633776844908967
product,128,FAVOR_plus,27,3,3.2533702663568818,12.816190556418606
product,128,FAVOR_plus,27,6,1.0000475000551217,16.600325191817603
product,128,FAVOR_plus,27,9,1.4684363402122185,12.360483677684991
product,128,centered_FAVOR_plus,0,0,0.9999999995704454,4191.436673925542
product,128,centered_FAVOR_plus,0,3,1.0,48516.048081540495
product,128,centered_FAVOR_plus,0,6,1.0,7821.488646390419
product,128,centered_FAVOR_plus,0,9,1.0130984558796514,243.64632700065292
product,128,centered_FAVOR_plus,7,0,3.856328928530452,1.2914360675584913
product,128,centered_FAVOR_plus,7,3,1.4869333938034581,-1.2458166292515287
product,128,centered_FAVOR_plus,7,6,4.376657955742722,45.3205045248441
product,128,centered_FAVOR_plus,7,9,5.929357674564001,25.79472331193776
product,128,centered_FAVOR_plus,14,0,5.37068951782203,1.9668730714534117
product,128,centered_FAVOR_plus,14,3,1.0000139835449326,13.83520895878985
product,128,centered_FAVOR_plus,14,6,2.481561550602545,-1.1797774133427037
product,128,centered_FAVOR_plus,14,9,2.2482071627628373,-0.7283372897328704
product,128,centered_FAVOR_plus,27,0,321.9073825163548,16.893520908756834
product,128,centered_FAVOR_plus,27,3,2186532.9822448823,26.23432682657713
product,128,centered_FAVOR_plus,27,6,14.039535070132263,19.242154976276993
product,128,centered_FAVOR_plus,27,9,21617.83003985487,21.957559275152747
same_context,16,SVD,0,0,2.984259882943531e-07,4178.028714818803
same_context,16,SVD,0,3,8.634048598289162e-16,48479.121807336385
same_context,16,SVD,0,6,9.999999999996826e-301,7643.384267706004
same_context,16,SVD,0,9,0.0010673741701814465,237.39763643826163
same_context,16,SVD,7,0,0.0007054158053052855,-7.208852384210941
same_context,16,SVD,7,3,7.263031742254929e-05,-11.104206661539186
same_context,16,SVD,7,6,9.489763500188602e-06,30.81598461332856
same_context,16,SVD,7,9,0.0008273605613513432,15.377922014155123
same_context,16,SVD,14,0,0.012178676446032937,-3.9762321102062437
same_context,16,SVD,14,3,0.00039132617286761253,7.602533553405168
same_context,16,SVD,14,6,0.00484163059398236,-6.933632998334308
same_context,16,SVD,14,9,9.043156730875306e-05,-10.873220235204922
same_context,16,SVD,27,0,0.023510300415480283,6.825386061533807
same_context,16,SVD,27,3,0.0497426001074555,7.323914343471978
same_context,16,SVD,27,6,0.032853352836660805,11.4897261481458
same_context,16,SVD,27,9,0.05821931459953978,8.594651455317168
same_context,16,NMF,0,0,4.667315623757134e-06,4180.778532234621
same_context,16,NMF,0,3,3.0604252836871833e-14,48482.68981788445
same_context,16,NMF,0,6,1.9092506793660434e-38,8247.30827292106
same_context,16,NMF,0,9,0.0011253277962438354,237.45050922010898
same_context,16,NMF,7,0,0.0007778040002627444,-7.111165243165474
same_context,16,NMF,7,3,7.506925770841016e-05,-11.071177968009563
same_context,16,NMF,7,6,1.5948361783203307e-05,31.33512703640566
same_context,16,NMF,7,9,0.000986424718691503,15.553768438059313
same_context,16,NMF,14,0,0.012188570281641397,-3.975420049963022
same_context,16,NMF,14,3,0.00046572979179689087,7.776597759485776
same_context,16,NMF,14,6,0.005125138024991795,-6.876727105540523
same_context,16,NMF,14,9,0.00010448252126733953,-10.728793840726013
same_context,16,NMF,27,0,0.026292146932628588,6.93721771974114
same_context,16,NMF,27,3,0.05554417648421951,7.4342313093119525
same_context,16,NMF,27,6,0.03707483511901463,11.610610784166427
same_context,16,NMF,27,9,0.06520028767062624,8.707898170712676
same_context,16,FAVOR_plus,0,0,1.0,4193.0534586990725
same_context,16,FAVOR_plus,0,3,1.0,48513.80745529846
same_context,16,FAVOR_plus,0,6,1.0,8334.159795604219
same_context,16,FAVOR_plus,0,9,0.9999999999999432,244.240190131437
same_context,16,FAVOR_plus,7,0,1.0013110648527475,0.04918095620004337
same_context,16,FAVOR_plus,7,3,1.0399790167065301,-1.5348779968828907
same_context,16,FAVOR_plus,7,6,1.0,42.3812814799311
same_context,16,FAVOR_plus,7,9,1.0,22.47519198498673
same_context,16,FAVOR_plus,14,0,0.9998907493992096,0.43172732200101827
same_context,16,FAVOR_plus,14,3,1.0000000015078627,15.448502698937352
same_context,16,FAVOR_plus,14,6,1.0001250658920335,-1.603004224853974
same_context,16,FAVOR_plus,14,9,2.0749746808419682,-0.8323541279730229
same_context,16,FAVOR_plus,27,0,1.000319162846323,10.576021811770376
same_context,16,FAVOR_plus,27,3,0.9999815516881115,10.32478946298926
same_context,16,FAVOR_plus,27,6,1.0000026660162968,14.905430288375397
same_context,16,FAVOR_plus,27,9,1.0000505918542872,11.438240159220333
same_context,16,centered_FAVOR_plus,0,0,0.9999999999488862,4193.053458699022
same_context,16,centered_FAVOR_plus,0,3,1.0,48513.80745529846
same_context,16,centered_FAVOR_plus,0,6,1.0,8334.159795604219
same_context,16,centered_FAVOR_plus,0,9,1.0120533367791538,244.25217140524072
same_context,16,centered_FAVOR_plus,7,0,19.453322489127057,3.0158886275814805
same_context,16,centered_FAVOR_plus,7,3,2.049506278990959,-0.8564796089616902
same_context,16,centered_FAVOR_plus,7,6,123.1223748745361,47.194460258380104
same_context,16,centered_FAVOR_plus,7,9,1.2329330152128135,22.684587881020697
same_context,16,centered_FAVOR_plus,14,0,2.24004287627749,1.2383315854491563
same_context,16,centered_FAVOR_plus,14,3,1.0000022797731958,15.448504977200086
same_context,16,centered_FAVOR_plus,14,6,1.723856500164948,-1.0585653507120316
same_context,16,centered_FAVOR_plus,14,9,4.806240763181857,0.007612152857877419
same_context,16,centered_FAVOR_plus,27,0,139.9874777731471,15.517255673977067
same_context,16,centered_FAVOR_plus,27,3,167.52497264408575,15.445940342036023
same_context,16,centered_FAVOR_plus,27,6,1503.7232924002922,22.221127128829018
same_context,16,centered_FAVOR_plus,27,9,476.82327682786035,17.605335502055688
same_context,32,SVD,0,0,1.3298063661064844e-31,4121.958354158498
same_context,32,SVD,0,3,2.163544768605568e-31,48443.19906538879
same_context,32,SVD,0,6,9.999999999996826e-301,7643.384267706004
same_context,32,SVD,0,9,1.7226046789138429e-31,173.40388974218376
same_context,32,SVD,7,0,0.0003035951373066167,-8.05194477930533
same_context,32,SVD,7,3,4.319592775122003e-05,-11.623842865764399
same_context,32,SVD,7,6,7.705491278633043e-07,28.305119056728827
same_context,32,SVD,7,9,0.0002393764048477709,14.137718655755892
same_context,32,SVD,14,0,0.0013290016987066837,-6.191490642497644
same_context,32,SVD,14,3,1.1279252995751656e-05,4.055957159561354
same_context,32,SVD,14,6,0.0013318190333778844,-8.224338859847194
same_context,32,SVD,14,9,2.9608694394482153e-05,-11.989745589798389
same_context,32,SVD,27,0,0.0075945083384280415,5.695372819915034
same_context,32,SVD,27,3,0.016202952477340334,6.202246109809375
same_context,32,SVD,27,6,0.010512588811917325,10.350245816864332
same_context,32,SVD,27,9,0.026286064153832223,7.799473208328864
same_context,32,NMF,0,0,2.1630553347804973e-07,4177.706884777181
same_context,32,NMF,0,3,5.58824745859809e-15,48480.989344627895
same_context,32,NMF,0,6,2.711284252884969e-38,8247.658984487138
same_context,32,NMF,0,9,5.887257751855524e-06,232.19746988578714
same_context,32,NMF,7,0,0.0003776246544086025,-7.833739083386355
same_context,32,NMF,7,3,4.6951137887889215e-05,-11.540481650028827
same_context,32,NMF,7,6,2.976452078847966e-06,29.656502935615826
same_context,32,NMF,7,9,0.0003449333767265533,14.503032714467965
same_context,32,NMF,14,0,0.0013318779124725862,-6.1893287897975
same_context,32,NMF,14,3,1.4242582317964976e-05,4.28922837156219
same_context,32,NMF,14,6,0.0016126454979934269,-8.033008564977116
same_context,32,NMF,14,9,3.874194581676962e-05,-11.720890753235885
same_context,32,NMF,27,0,0.010002440674296207,5.9707765515075995
same_context,32,NMF,27,3,0.021061571807422307,6.464502771140383
same_context,32,NMF,27,6,0.013741674193443324,10.618105470891818
same_context,32,NMF,27,9,0.03388888440399262,8.053521356593615
same_context,32,FAVOR_plus,0,0,1.0,4193.0534586990725
same_context,32,FAVOR_plus,0,3,1.0,48513.80745529846
same_context,32,FAVOR_plus,0,6,1.0,8334.159795604219
same_context,32,FAVOR_plus,0,9,0.9999999999999432,244.240190131437
same_context,32,FAVOR_plus,7,0,0.9974775889786804,0.04534515238256276
same_context,32,FAVOR_plus,7,3,1.0075604486980925,-1.5665465218422732
same_context,32,FAVOR_plus,7,6,1.0,42.3812814799311
same_context,32,FAVOR_plus,7,9,1.0,22.47519198498673
same_context,32,FAVOR_plus,14,0,1.0018969977799315,0.433731779322013
same_context,32,FAVOR_plus,14,3,1.0000000003060832,15.448502697735572
same_context,32,FAVOR_plus,14,6,1.0008711397644459,-1.602258522383499
same_context,32,FAVOR_plus,14,9,1.3299148427171559,-1.2771881674258019
same_context,32,FAVOR_plus,27,0,1.0000524314111567,10.575755129882358
same_context,32,FAVOR_plus,27,3,1.00298379209771,10.327787260896537
same_context,32,FAVOR_plus,27,6,1.0043848176666896,14.909802854726015
same_context,32,FAVOR_plus,27,9,1.0703663985693923,11.50619058707383
same_context,32,centered_FAVOR_plus,0,0,0.9999999998695781,4193.053458698942
same_context,32,centered_FAVOR_plus,0,3,1.0,48513.80745529846
same_context,32,centered_FAVOR_plus,0,6,1.0,8334.159795604219
same_context,32,centered_FAVOR_plus,0,9,1.0314054308260696,244.27111249954763
same_context,32,centered_FAVOR_plus,7,0,9.406075972535046,2.2892266105616326
same_context,32,centered_FAVOR_plus,7,3,4.04546954164969,-0.17648091029731283
same_context,32,centered_FAVOR_plus,7,6,31.56531619360899,45.8333404089224
same_context,32,centered_FAVOR_plus,7,9,1.14412246467854,22.609829921759122
same_context,32,centered_FAVOR_plus,14,0,1.8452784753314546,1.0444667798120175
same_context,32,centered_FAVOR_plus,14,3,1.0000011167241238,15.448503814152987
same_context,32,centered_FAVOR_plus,14,6,2.5221648298609947,-0.6780116907143388
same_context,32,centered_FAVOR_plus,14,9,172.41320884802,3.587590893165169
same_context,32,centered_FAVOR_plus,27,0,5055.420268519487,19.10391896701737
same_context,32,centered_FAVOR_plus,27,3,52.7645632919492,14.290647727088016
same_context,32,centered_FAVOR_plus,27,6,823.9551258488128,21.619543691867847
same_context,32,centered_FAVOR_plus,27,9,231.77250044175858,16.883945857663704
same_context,64,SVD,0,0,1.7475038501593342e-34,4115.323753935637
same_context,64,SVD,0,3,1.7704332686034346e-37,48429.183031158835
same_context,64,SVD,0,6,9.999999999996826e-301,7643.384267706004
same_context,64,SVD,0,9,2.984539930103143e-33,169.34832767033066
same_context,64,SVD,7,0,9.796063012941547e-05,-9.183074143341118
same_context,64,SVD,7,3,2.048082244875657e-05,-12.370100133557518
same_context,64,SVD,7,6,2.8210578522298926e-08,24.997712675491215
same_context,64,SVD,7,9,5.136179813719301e-05,12.59857609625067
same_context,64,SVD,14,0,5.639233941085271e-05,-9.351340656164075
same_context,64,SVD,14,3,1.8733886784146527e-07,-0.04184403509003154
same_context,64,SVD,14,6,0.00021758665222523655,-10.036042668666507
same_context,64,SVD,14,9,8.89408527854404e-06,-13.192427157176185
same_context,64,SVD,27,0,0.0016836532817042578,4.188913425761166
same_context,64,SVD,27,3,0.0034662546727716732,4.660127298513059
same_context,64,SVD,27,6,0.002289109210482389,8.825835094214293
same_context,64,SVD,27,9,0.008629097513755096,6.685574213827666
same_context,64,NMF,0,0,9.212222194641093e-08,4176.853309056918
same_context,64,NMF,0,3,2.3752659587813692e-15,48480.13378831741
same_context,64,NMF,0,6,1.1380447644186362e-38,8246.79087374142
same_context,64,NMF,0,9,8.639012247736168e-07,230.27838273358063
same_context,64,NMF,7,0,0.0001556354486147116,-8.72012340326378
same_context,64,NMF,7,3,2.4705552822537125e-05,-12.18256106255634
same_context,64,NMF,7,6,6.752438018833037e-07,28.173089456619806
same_context,64,NMF,7,9,9.693284500958643e-05,13.233699846273227
same_context,64,NMF,14,0,5.846418305978222e-05,-9.315259668049578
same_context,64,NMF,14,3,4.418520763407957e-07,0.8162120176344096
same_context,64,NMF,14,6,0.00032665032817193006,-9.629749574944736
same_context,64,NMF,14,9,1.395595688387002e-05,-12.741907203655105
same_context,64,NMF,27,0,0.002991092216550647,4.763586031380326
same_context,64,NMF,27,3,0.0062491922234107836,5.24950484363046
same_context,64,NMF,27,6,0.004018266772645839,9.388523001955969
same_context,64,NMF,27,9,0.015200447653228602,7.251759167952498
same_context,64,FAVOR_plus,0,0,1.0,4193.0534586990725
same_context,64,FAVOR_plus,0,3,1.0,48513.80745529846
same_context,64,FAVOR_plus,0,6,1.0,8334.159795604219
same_context,64,FAVOR_plus,0,9,0.9999999999999432,244.240190131437
same_context,64,FAVOR_plus,7,0,0.9961352198725488,0.04399848235412129
same_context,64,FAVOR_plus,7,3,1.0003615304582492,-1.5737170684670492
same_context,64,FAVOR_plus,7,6,1.0,42.3812814799311
same_context,64,FAVOR_plus,7,9,1.0,22.47519198498673
same_context,64,FAVOR_plus,14,0,1.0025545682133323,0.43438788942030193
same_context,64,FAVOR_plus,14,3,0.999999999963868,15.448502697393357
same_context,64,FAVOR_plus,14,6,1.1125962485225045,-1.4964330360840687
same_context,64,FAVOR_plus,14,9,1.0735939586708318,-1.4912912195274135
same_context,64,FAVOR_plus,27,0,2.1915550184893853,11.360314045809682
same_context,64,FAVOR_plus,27,3,1.0395148480552818,10.363562023528702
same_context,64,FAVOR_plus,27,6,1.0007759266111271,14.906203248098356
same_context,64,FAVOR_plus,27,9,1.016820239334059,11.45486991427199
same_context,64,centered_FAVOR_plus,0,0,0.9999999999345164,4193.053458699007
same_context,64,centered_FAVOR_plus,0,3,1.0,48513.80745529846
same_context,64,centered_FAVOR_plus,0,6,1.0,8334.159795604219
same_context,64,centered_FAVOR_plus,0,9,1.0095606193207107,244.24970533726153
same_context,64,centered_FAVOR_plus,7,0,3.4233353783751603,1.2784860826977464
same_context,64,centered_FAVOR_plus,7,3,4.464168944986464,-0.07799546312692662
same_context,64,centered_FAVOR_plus,7,6,8.778026458304542,44.553533085353514
same_context,64,centered_FAVOR_plus,7,9,3.8374255721351886,23.819993702828626
same_context,64,centered_FAVOR_plus,14,0,55.01479844765678,4.439438790296359
same_context,64,centered_FAVOR_plus,14,3,1.0000003766358578,15.448503074065274
same_context,64,centered_FAVOR_plus,14,6,1.391028150371145,-1.2730861326831775
same_context,64,centered_FAVOR_plus,14,9,43.88513595730771,2.2192725944978644
same_context,64,centered_FAVOR_plus,27,0,1276.5831966100595,17.72764510996943
same_context,64,centered_FAVOR_plus,27,3,109.65744096144637,15.022169245058263
same_context,64,centered_FAVOR_plus,27,6,283.19006182566534,20.551545891142972
same_context,64,centered_FAVOR_plus,27,9,96.72260952672542,16.010036754806762
same_context,128,SVD,0,0,3.0982379278665867e-65,4044.5162611939795
same_context,128,SVD,0,3,2.3137230516522858e-67,48360.373112005655
same_context,128,SVD,0,6,9.999999999996826e-301,7643.384267706004
same_context,128,SVD,0,9,2.461793146507237e-44,143.8273360454536
same_context,128,SVD,7,0,1.857064216620786e-05,-10.84605785231471
same_context,128,SVD,7,3,6.377250009398283e-06,-13.536852120127588
same_context,128,SVD,7,6,3.5010422981748274e-10,20.608491273631067
same_context,128,SVD,7,9,7.547546721861204e-06,10.680903999977927
same_context,128,SVD,14,0,1.3610250622166543e-06,-13.075435841334038
same_context,128,SVD,14,3,1.167083463695718e-09,-5.120255268893564
same_context,128,SVD,14,6,1.8800364833989875e-05,-12.484763565179296
same_context,128,SVD,14,9,1.7365743829167085e-06,-14.82589921029205
same_context,128,SVD,27,0,0.00018505885423563678,1.9808660473702346
same_context,128,SVD,27,3,0.00038596016020341447,2.465031505736908
same_context,128,SVD,27,6,0.00028473984371269476,6.741492998706589
same_context,128,SVD,27,9,0.0016403023267879376,5.025314860112578
same_context,128,NMF,0,0,5.534668781334004e-08,4176.3438096787195
same_context,128,NMF,0,3,1.3713247020765526e-15,48479.58445611203
same_context,128,NMF,0,6,1.2045550322139227e-35,8253.755427580301
same_context,128,NMF,0,9,1.3101748658963721e-07,228.3922550942005
same_context,128,NMF,7,0,5.354316920095947e-05,-9.78715157843699
same_context,128,NMF,7,3,9.780591744835523e-06,-13.109189103729943
same_context,128,NMF,7,6,3.031800829560091e-07,27.372342605136183
same_context,128,NMF,7,9,2.4805218019180617e-05,11.870735462060788
same_context,128,NMF,14,0,1.9534378809049056e-06,-12.714083143258096
same_context,128,NMF,14,3,3.4804215030544e-08,-1.7250246385037613
same_context,128,NMF,14,6,5.23012395220303e-05,-11.46161976987014
same_context,128,NMF,14,9,4.119600097385217e-06,-13.96205754263265
same_context,128,NMF,27,0,0.0006695399995794845,3.2667830506790043
same_context,128,NMF,27,3,0.0014553413935748185,3.7922931403495337
same_context,128,NMF,27,6,0.0009453411257434868,7.9414629063773905
same_context,128,NMF,27,9,0.005247912041964057,6.188264580868482
same_context,128,FAVOR_plus,0,0,1.0,4193.0534586990725
same_context,128,FAVOR_plus,0,3,1.0,48513.80745529846
same_context,128,FAVOR_plus,0,6,1.0,8334.159795604219
same_context,128,FAVOR_plus,0,9,0.9999999999999432,244.240190131437
same_context,128,FAVOR_plus,7,0,0.9975415504375803,0.045409273530735206
same_context,128,FAVOR_plus,7,3,0.9998972344013651,-1.5741813044682882
same_context,128,FAVOR_plus,7,6,1.0,42.3812814799311
same_context,128,FAVOR_plus,7,9,1.0,22.47519198498673
same_context,128,FAVOR_plus,14,0,0.999344877188693,0.4311812410720659
same_context,128,FAVOR_plus,14,3,0.9999999999202953,15.448502697349783
same_context,128,FAVOR_plus,14,6,1.0376216921573265,-1.5661980230359518
same_context,128,FAVOR_plus,14,9,1.3113103059449855,-1.2912762087187737
same_context,128,FAVOR_plus,27,0,1.2978920881524596,10.83644417765491
same_context,128,FAVOR_plus,27,3,1.0107232820532541,10.335474106877113
same_context,128,FAVOR_plus,27,6,1.0006065687333536,14.90603400720755
same_context,128,FAVOR_plus,27,9,1.192107508722436,11.613912325103124
same_context,128,centered_FAVOR_plus,0,0,0.9999999999176907,4193.05345869899
same_context,128,centered_FAVOR_plus,0,3,1.0,48513.80745529846
same_context,128,centered_FAVOR_plus,0,6,1.0,8334.159795604219
same_context,128,centered_FAVOR_plus,0,9,1.0064705859905747,244.24663987305465
same_context,128,centered_FAVOR_plus,7,0,1.9678613422471558,0.7248180900150487
same_context,128,centered_FAVOR_plus,7,3,7.252780135601183,0.40730632875247785
same_context,128,centered_FAVOR_plus,7,6,6.025490439167434,44.17728035668665
same_context,128,centered_FAVOR_plus,7,9,27.885891622419418,25.80331286930072
same_context,128,centered_FAVOR_plus,14,0,16.42000738736007,3.2303371324943964
same_context,128,centered_FAVOR_plus,14,3,1.000105209947764,15.448607901843074
same_context,128,centered_FAVOR_plus,14,6,1.6266046286646278,-1.1166344905722596
same_context,128,centered_FAVOR_plus,14,9,16.773425053459817,1.2574927123427937
same_context,128,centered_FAVOR_plus,27,0,390.64171316266084,16.543493505117475
same_context,128,centered_FAVOR_plus,27,3,950.7016685998614,17.18200822196242
same_context,128,centered_FAVOR_plus,27,6,90.26067184729222,19.40812946020037
same_context,128,centered_FAVOR_plus,27,9,143.3527689520561,16.403498076812703
