dataset,method,seed,head,m,documents,kernel_nmse,output_nmse,negative_kernel_fraction,nonpositive_denominator_fraction,invalid_output_rows,row_l1,denominator_nmse,near_cancellation_fraction
internal,favor_plus,1009,"[14, 0]",64,256,0.9999711074605887,1.4935203654586122,0.0,0.0,0,0.33812555820554074,0.9999777616321333,0.0
internal,favor_plus,1009,"[14, 6]",64,256,1.0010796325652793,0.9990689547424988,0.0,0.0,0,0.7385068709942226,1.0002955061744885,0.0
internal,favor_plus,1009,"[27, 0]",64,256,1.0000078897732578,0.7288417554274365,0.0,0.0,0,1.5434042155783008,0.9999922598927835,0.0
internal,favor_plus,1009,"[27, 6]",64,256,1.0000648959726492,3.3180392924926867,0.0,0.0,0,1.6272828242492359,0.9999443854622149,0.0
internal,favor_plus,1046,"[14, 0]",64,256,0.9999911193897387,1.9437406865396827,0.0,0.0,0,0.46971062706470285,0.9999950223948487,0.0
internal,favor_plus,1046,"[14, 6]",64,256,336.06518717746684,1.5433110992005792,0.0,0.0,0,0.9118781208976032,173.2216750643123,0.0
internal,favor_plus,1046,"[27, 0]",64,256,1.0018257584838248,0.8835209589600636,0.0,0.0,0,1.5154133578110698,1.0026096613222095,0.0
internal,favor_plus,1046,"[27, 6]",64,256,1.0000002025312267,4.9695423081995775,0.0,0.0,0,1.6834212691636408,0.9999986276724738,0.0
internal,favor_plus,1083,"[14, 0]",64,256,0.9999984770085791,2.3333862833742365,0.0,0.0,0,0.5803855667523532,0.999998605743335,0.0
internal,favor_plus,1083,"[14, 6]",64,256,1.0029657057546497,1.0603742974400896,0.0,0.0,0,0.7208675114978584,1.0008083689807536,0.0
internal,favor_plus,1083,"[27, 0]",64,256,1.0002519462363444,0.6515520026960698,0.0,0.0,0,1.5792131271168344,0.9999975363329469,0.0
internal,favor_plus,1083,"[27, 6]",64,256,0.99999981264037,3.150794736699516,0.0,0.0,0,1.6376796276908827,0.9999994127548847,0.0
internal,favor_plus,1120,"[14, 0]",64,256,0.999971638794175,1.436800564678991,0.0,0.0,0,0.3591611033776157,0.9999769095501913,0.0
internal,favor_plus,1120,"[14, 6]",64,256,1.2554190243122763,1.3128638642343406,0.0,0.0,0,0.8785585840996203,1.230798206778921,0.0
internal,favor_plus,1120,"[27, 0]",64,256,1.000000473909422,1.2111941582464567,0.0,0.0,0,1.518265119755246,0.9999834223623494,0.0
internal,favor_plus,1120,"[27, 6]",64,256,1.0012963866997393,3.183079198217528,0.0,0.0,0,1.5895811556856705,1.000018075279662,0.0
internal,favor_plus,1157,"[14, 0]",64,256,0.9999978984238983,1.479455774304531,0.0,0.0,0,0.40884257161235243,0.9999984836415344,0.0
internal,favor_plus,1157,"[14, 6]",64,256,1.0009512578421178,0.9054465117594874,0.0,0.0,0,0.6483050443941358,1.000191906549254,0.0
internal,favor_plus,1157,"[27, 0]",64,256,1.0003185276329096,1.7091571182994238,0.0,0.0,0,1.6660331710539373,1.0000050634210964,0.0
internal,favor_plus,1157,"[27, 6]",64,256,0.9999998868185748,2.4647254919517705,0.0,0.0,0,1.5804461102482494,0.9999978676258003,0.0
internal,centered_favor_plus,1009,"[14, 0]",64,256,9.219351564981848,1.3735873127493374,0.0,0.0,0,0.33175124360910224,7.074910035039037,0.0
internal,centered_favor_plus,1009,"[14, 6]",64,256,1.13974823711416,2.0940734556484255,0.0,0.0,0,1.2291551035684258,1.0673223260848148,0.0
internal,centered_favor_plus,1009,"[27, 0]",64,256,144.55666568754674,0.4608375004596705,0.0,0.0,0,1.2055963196873667,216.69283638359647,0.0
internal,centered_favor_plus,1009,"[27, 6]",64,256,6.991462254032429,1.0893651111907319,0.0,0.0,0,1.306937573056256,4.887616192919182,0.0
internal,centered_favor_plus,1046,"[14, 0]",64,256,1.1241837867476243,1.4997801904305126,0.0,0.0,0,0.3888526909779526,1.072217225079263,0.0
internal,centered_favor_plus,1046,"[14, 6]",64,256,1.0636414893396973,1.871710613587616,0.0,0.0,0,1.136999813768283,1.0257564850472751,0.0
internal,centered_favor_plus,1046,"[27, 0]",64,256,53.22852439552536,0.6210854469342638,0.0,0.0,0,1.3012328671665214,60.69721048211542,0.0
internal,centered_favor_plus,1046,"[27, 6]",64,256,580.5305184952059,1.1278751703795857,0.0,0.0,0,1.3154520482816647,220.18908026886825,0.0
internal,centered_favor_plus,1083,"[14, 0]",64,256,1.0048553739491373,1.7440199680525383,0.0,0.0,0,0.46926973420472673,1.0029676110012722,0.0
internal,centered_favor_plus,1083,"[14, 6]",64,256,13.811615075777024,1.4384587628270356,0.0,0.0,0,0.9527569904465912,5.563944071152931,0.0
internal,centered_favor_plus,1083,"[27, 0]",64,256,2.2159966824608985,0.47595922869251084,0.0,0.0,0,1.2131224587214038,2.262815073525824,0.0
internal,centered_favor_plus,1083,"[27, 6]",64,256,2.23457190102806,0.8591988968219492,0.0,0.0,0,1.2985974229937218,1.2570817422608191,0.0
internal,centered_favor_plus,1120,"[14, 0]",64,256,44.16171096192133,1.5208656366036937,0.0,0.0,0,0.36201219039876736,26.62009879790266,0.0
internal,centered_favor_plus,1120,"[14, 6]",64,256,4351.987805432515,2.0345179289713116,0.0,0.0,0,1.1749364544037737,1322.2162461996868,0.0
internal,centered_favor_plus,1120,"[27, 0]",64,256,111.8266190381143,0.8146303604222289,0.0,0.0,0,1.2681735563826444,20.068598553436875,0.0
internal,centered_favor_plus,1120,"[27, 6]",64,256,104.17915187427828,1.2434535360614651,0.0,0.0,0,1.2939364318110977,186.3888442976636,0.0
internal,centered_favor_plus,1157,"[14, 0]",64,256,1.0153904499527795,1.510247501960502,0.0,0.0,0,0.3780591457899975,1.006530834301271,0.0
internal,centered_favor_plus,1157,"[14, 6]",64,256,1.6387431738684641,2.1169891885989145,0.0,0.0,0,1.2367384653626359,1.5017246366628965,0.0
internal,centered_favor_plus,1157,"[27, 0]",64,256,5.172650146847398,0.5898721989326063,0.0,0.0,0,1.270455606327233,3.702776032705895,0.0
internal,centered_favor_plus,1157,"[27, 6]",64,256,15.75293957016076,1.1928805427344729,0.0,0.0,0,1.2919383227026646,4.221868836079647,0.0
internal,sderf,1009,"[14, 0]",64,256,94.70821510628939,2.091519449173508,0.0,0.0,0,0.47723903612976826,57.554633533316775,0.0
internal,sderf,1009,"[14, 6]",64,256,4.031393499145641,4.285514091709541,0.0,0.0,0,1.7502648128720344,2.430476283508595,0.0
internal,sderf,1009,"[27, 0]",64,256,104.30234367828722,0.6668375124012687,0.0,0.0,0,1.386678298826593,70.58059319651757,0.0
internal,sderf,1009,"[27, 6]",64,256,24.128971833617133,1.6331128858371577,0.0,0.0,0,1.5093750424088066,7.622872537321115,0.0
internal,sderf,1046,"[14, 0]",64,256,1.0400235876688626,4.980544884576454,0.0,0.0,0,0.9733142732448874,1.0353929622409848,0.0
internal,sderf,1046,"[14, 6]",64,256,5.326696471051544,2.2984645446790575,0.0,0.0,0,1.1683428945548773,2.388218981880242,0.0
internal,sderf,1046,"[27, 0]",64,256,10.317059698395084,0.5775184714020444,0.0,0.0,0,1.4271281709752643,7.463288158810876,0.0
internal,sderf,1046,"[27, 6]",64,256,18.123340697733337,2.907229850458047,0.0,0.0,0,1.5663081527118181,2.9151370050197802,0.0
internal,sderf,1083,"[14, 0]",64,256,369885.85710617766,4.446726805348825,0.0,0.0,0,0.8798388576117842,217207.824752504,0.0
internal,sderf,1083,"[14, 6]",64,256,1.1464578131435423,3.390026475610988,0.0,0.0,0,1.5674661139430834,1.0650583999058112,0.0
internal,sderf,1083,"[27, 0]",64,256,114.82327579844394,0.7230884309352114,0.0,0.0,0,1.4419368158581756,62.56746839273286,0.0
internal,sderf,1083,"[27, 6]",64,256,1.8812619281674885,1.75069241283342,0.0,0.0,0,1.5087790025299437,1.2340603305184534,0.0
internal,sderf,1120,"[14, 0]",64,256,399.1262639659918,7.7460142623586945,0.0,0.0,0,1.4383364771509302,238.71481982944846,0.0
internal,sderf,1120,"[14, 6]",64,256,23.07953414878804,2.724063100887358,0.0,0.0,0,1.3747204196731448,20.21094260939267,0.0
internal,sderf,1120,"[27, 0]",64,256,4.5598364766083535,0.8447380144259852,0.0,0.0,0,1.4642978406658564,2.178589652936563,0.0
internal,sderf,1120,"[27, 6]",64,256,1.5820326960598718,2.5990101144170183,0.0,0.0,0,1.5377443042444519,1.0669709837399262,0.0
internal,sderf,1157,"[14, 0]",64,256,195.08052022288024,5.159957409773996,0.0,0.0,0,1.0076753111823875,115.63136930373031,0.0
internal,sderf,1157,"[14, 6]",64,256,12.577262534927772,2.460019509920986,0.0,0.0,0,1.2332474866624035,7.256142353603846,0.0
internal,sderf,1157,"[27, 0]",64,256,11.561781158270195,0.7835065679068725,0.0,0.0,0,1.503285437498312,7.42464143395636,0.0
internal,sderf,1157,"[27, 6]",64,256,2440.041631671007,1.727895225305808,0.0,0.0,0,1.4974590849562432,486.66749932870584,0.0
internal,aderf,1009,"[14, 0]",64,256,2484.0061264977794,1.45933802467342,0.0,0.0,0,0.3599963342484474,1463.4278775436326,0.0
internal,aderf,1009,"[14, 6]",64,256,1.9012611170057674,1.388560332399019,0.0,0.0,0,0.9628595723924764,1.89513596932235,0.0
internal,aderf,1009,"[27, 0]",64,256,1.1744814878804797,0.6765435995262505,0.0,0.0,0,1.40262327008487,1.0930844562470783,0.0
internal,aderf,1009,"[27, 6]",64,256,2.7406730240658996,3.0187955558955357,0.0,0.0,0,1.5488806887491908,1.3038640693322605,0.0
internal,aderf,1046,"[14, 0]",64,256,7705.454633976685,1.8153399734374849,0.0,0.0,0,0.4670281694010671,4520.6491889925965,0.0
internal,aderf,1046,"[14, 6]",64,256,1.3632652359284625,1.6884716920140783,0.0,0.0,0,1.092618854214859,1.5279871141572352,0.0
internal,aderf,1046,"[27, 0]",64,256,1.1031958905406172,0.7695141659738375,0.0,0.0,0,1.5046705328233005,1.051455895217404,0.0
internal,aderf,1046,"[27, 6]",64,256,1.0519293607973594,2.769557572951288,0.0,0.0,0,1.545643421030276,1.026125631508436,0.0
internal,aderf,1083,"[14, 0]",64,256,13.81424171325863,3.378021493248524,0.0,0.0,0,0.8395905032014909,10.488154717355371,0.0
internal,aderf,1083,"[14, 6]",64,256,1.4613380591449103,1.3077530290988735,0.0,0.0,0,0.9208655883033885,1.1599293328824298,0.0
internal,aderf,1083,"[27, 0]",64,256,1.3618763358620944,0.7052124296476328,0.0,0.0,0,1.4376524132324664,1.2694071353092824,0.0
internal,aderf,1083,"[27, 6]",64,256,1.0024240175490378,1.7671599633359532,0.0,0.0,0,1.5236135729042726,1.000858199679695,0.0
internal,aderf,1120,"[14, 0]",64,256,3313.672873252716,2.1186768910851734,0.0,0.0,0,0.5311320610456732,1944.5062578050154,0.0
internal,aderf,1120,"[14, 6]",64,256,581.4589180404349,1.1339121463315258,0.0,0.0,0,0.798468260630074,169.0997104427559,0.0
internal,aderf,1120,"[27, 0]",64,256,1.2374225913749661,0.7786692816542744,0.0,0.0,0,1.427894712313972,1.0734613443168792,0.0
internal,aderf,1120,"[27, 6]",64,256,1.0008045295343602,2.475495021206367,0.0,0.0,0,1.581334002807022,1.0001273033132034,0.0
internal,aderf,1157,"[14, 0]",64,256,5054.915755707072,3.318035908906489,0.0,0.0,0,0.8302188734844622,3142.676575990049,0.0
internal,aderf,1157,"[14, 6]",64,256,1.121052971706643,1.8314964889234386,0.0,0.0,0,1.1872042469374449,1.0782858871704621,0.0
internal,aderf,1157,"[27, 0]",64,256,2.097691477197565,1.1801780894753737,0.0,0.0,0,1.5273165906385802,1.22826409291971,0.0
internal,aderf,1157,"[27, 6]",64,256,1.3479729979902428,2.696182643402555,0.0,0.0,0,1.553077266328905,1.1536967076749851,0.0
internal,partition,,"[14, 0]",64,256,0.7574935555168578,0.8557924250551554,0.0,0.0,0,0.25252178500185274,0.6690820876766166,0.0
internal,partition,,"[14, 6]",64,256,0.9940845252763341,0.4926295226120061,0.0,0.0,0,0.5861386239970723,0.9770064384122941,0.0
internal,partition,,"[27, 0]",64,256,0.9512109543916318,0.2829393623935633,0.0,0.0,0,1.0283500788968318,0.5034937525899473,0.0
internal,partition,,"[27, 6]",64,256,0.9414066229510533,0.42270386329175685,0.0,0.0,0,0.9756382214148462,0.486365530433844,0.0
internal,galerkin,,"[14, 0]",64,256,0.7450909963192237,2.434013797749155,0.19355277717113495,0.00032806396484375,0,0.24821888510289178,0.6536491505588476,0.0
internal,galerkin,,"[14, 6]",64,256,0.9874623960454276,0.3908538000006774,0.26467689871788025,0.0001068115234375,0,0.4550770837400047,0.9239647754150477,0.0
internal,galerkin,,"[27, 0]",64,256,0.813883488948955,7.461224847750685,0.202382430434227,0.00035858154296875,0,0.7853711834785835,0.22462579420988207,0.0
internal,galerkin,,"[27, 6]",64,256,0.7960551290035836,359.9878778818684,0.19059352576732635,0.00087738037109375,0,1.0335002944449314,0.21933785872869602,0.0
internal,favor_plus,pooled_5_blocks,"[14, 0]",640,256,0.9999846971407911,1.316187328037671,0.0,0.0,0,0.33495746475533683,0.9999878976373425,0.0
internal,favor_plus,pooled_5_blocks,"[14, 6]",640,256,4.357634705965601,1.2647376300452386,0.0,0.0,0,0.8494219755304397,2.728824588720522,0.0
internal,favor_plus,pooled_5_blocks,"[27, 0]",640,256,1.0000359348940624,0.8073077500991752,0.0,0.0,0,1.473382042430874,0.9999668449225828,0.0
internal,favor_plus,pooled_5_blocks,"[27, 6]",640,256,1.0000277232182122,3.0490679937841305,0.0,0.0,0,1.5469883045662771,0.9999034374566756,0.0
internal,centered_favor_plus,pooled_5_blocks,"[14, 0]",640,256,1.7436030833466416,1.1559140511893347,0.0,0.0,0,0.2829574424206824,1.4357070710415298,0.0
internal,centered_favor_plus,pooled_5_blocks,"[14, 6]",640,256,45.51121649524195,1.416168754847195,0.0,0.0,0,0.9497107593134868,14.729781302759532,0.0
internal,centered_favor_plus,pooled_5_blocks,"[27, 0]",640,256,5.451798636967974,0.5085283913053055,0.0,0.0,0,1.0578683478178112,5.034557688140259,0.0
internal,centered_favor_plus,pooled_5_blocks,"[27, 6]",640,256,19.82339082603772,0.9796957450392862,0.0,0.0,0,1.096175154433148,8.038032678340981,0.0
internal,sderf,pooled_5_blocks,"[14, 0]",640,256,3736.797886307712,2.8089168558145343,0.0,0.0,0,0.6604044888953424,2194.742909843865,0.0
internal,sderf,pooled_5_blocks,"[14, 6]",640,256,2.5330037281163293,2.8331354005834863,0.0,0.0,0,1.412390076523783,1.75160963956143,0.0
internal,sderf,pooled_5_blocks,"[27, 0]",640,256,23.64135571355692,0.6119774433638568,0.0,0.0,0,1.2195882112593772,6.53697113886781,0.0
internal,sderf,pooled_5_blocks,"[27, 6]",640,256,36.85871011466663,1.2511539506262803,0.0,0.0,0,1.290305300073343,11.47890761699562,0.0
internal,aderf,pooled_5_blocks,"[14, 0]",640,256,193.91847494816946,1.4096659127666222,0.0,0.0,0,0.3813350138788335,115.96998683068134,0.0
internal,aderf,pooled_5_blocks,"[14, 6]",640,256,6.993928862212883,0.9401179034538352,0.0,0.0,0,0.7609935910069431,2.7903600665814245,0.0
internal,aderf,pooled_5_blocks,"[27, 0]",640,256,1.3335469740060417,0.629418980252987,0.0,0.0,0,1.2660260407914465,1.0686441712149253,0.0
internal,aderf,pooled_5_blocks,"[27, 6]",640,256,1.0330397916978853,2.083311252021963,0.0,0.0,0,1.3895568395642097,1.0043894979211196,0.0
official,favor_plus,1009,"[14, 0]",64,20,0.9999543029660617,1.5856342889899324,0.0,0.0,0,0.3326990096928863,0.999970305651554,0.0
official,favor_plus,1009,"[14, 6]",64,20,1.0000728132691943,0.7386864197018249,0.0,0.0,0,0.6429446900520289,1.0000286370084321,0.0
official,favor_plus,1009,"[27, 0]",64,20,0.9999990780123953,0.6287804506349447,0.0,0.0,0,1.5343461942545698,0.9999896319752096,0.0
official,favor_plus,1009,"[27, 6]",64,20,1.0000039404884484,3.172055892487689,0.0,0.0,0,1.628571826872711,0.9999827468646081,0.0
official,favor_plus,1046,"[14, 0]",64,20,0.9999888347848896,1.9459954476886085,0.0,0.0,0,0.4447442931564812,0.9999924358244082,0.0
official,favor_plus,1046,"[14, 6]",64,20,1.0090311515188746,1.3365726961240172,0.0,0.0,0,0.8838151941177138,1.0188962868823341,0.0
official,favor_plus,1046,"[27, 0]",64,20,1.0002967044183264,0.8606555239647358,0.0,0.0,0,1.534706228505005,1.0000229071498277,0.0
official,favor_plus,1046,"[27, 6]",64,20,1.0000000515003897,3.5146532730301434,0.0,0.0,0,1.6818010661246965,0.9999995921774895,0.0
official,favor_plus,1083,"[14, 0]",64,20,0.9999982458722486,2.3246135141022286,0.0,0.0,0,0.5472513625598965,0.9999981608429029,0.0
official,favor_plus,1083,"[14, 6]",64,20,1.00002669328695,1.0052354048680585,0.0,0.0,0,0.6741915854756242,1.000004688797533,0.0
official,favor_plus,1083,"[27, 0]",64,20,1.0003717264221967,0.635081954725736,0.0,0.0,0,1.5804638159518523,0.9998933157280887,0.0
official,favor_plus,1083,"[27, 6]",64,20,0.9999999741259464,2.985739749409759,0.0,0.0,0,1.6261319155664329,0.9999998578326791,0.0
official,favor_plus,1120,"[14, 0]",64,20,0.999968369033962,1.2426602902073367,0.0,0.0,0,0.3024749834418331,0.9999795529301583,0.0
official,favor_plus,1120,"[14, 6]",64,20,29.48970882563284,1.0981551145693589,0.0,0.0,0,0.7897849972556916,138.39096856414196,0.0
official,favor_plus,1120,"[27, 0]",64,20,0.9999993943076472,1.5627015595878513,0.0,0.0,0,1.5426550347500765,0.9999800348248385,0.0
official,favor_plus,1120,"[27, 6]",64,20,0.9999927385469899,3.6289904384219556,0.0,0.0,0,1.59176099477084,0.999928895864262,0.0
official,favor_plus,1157,"[14, 0]",64,20,0.9999979256308106,1.6558977114648838,0.0,0.0,0,0.41017063302763734,0.9999982481250848,0.0
official,favor_plus,1157,"[14, 6]",64,20,1.0000597199852619,0.8055540418823012,0.0,0.0,0,0.6115342979415427,0.9999920262547771,0.0
official,favor_plus,1157,"[27, 0]",64,20,1.1279144330502286,1.7895950515521326,0.0,0.0,0,1.6652338839815286,1.008352184506705,0.0
official,favor_plus,1157,"[27, 6]",64,20,0.9999999250165794,2.356019375519172,0.0,0.0,0,1.5922754489332125,0.9999993397965989,0.0
official,centered_favor_plus,1009,"[14, 0]",64,20,1.1962080552084922,1.364200200880794,0.0,0.0,0,0.31073883116998946,1.1006429790369805,0.0
official,centered_favor_plus,1009,"[14, 6]",64,20,1.0083087500330745,1.8918696733201332,0.0,0.0,0,1.1684721743655835,1.0039048181431585,0.0
official,centered_favor_plus,1009,"[27, 0]",64,20,216.9835451309578,0.48406174248598366,0.0,0.0,0,1.206334080050355,48.915745603193244,0.0
official,centered_favor_plus,1009,"[27, 6]",64,20,2.232962815817672,0.8496043556419189,0.0,0.0,0,1.2896037454627778,1.308940031002464,0.0
official,centered_favor_plus,1046,"[14, 0]",64,20,1.0712809952423084,1.5351969035030908,0.0,0.0,0,0.36723458233987005,1.0355301744860868,0.0
official,centered_favor_plus,1046,"[14, 6]",64,20,1.000354503313464,1.7685240351633396,0.0,0.0,0,1.109243490311845,1.000443914256817,0.0
official,centered_favor_plus,1046,"[27, 0]",64,20,21.12050792976399,0.6819790537461003,0.0,0.0,0,1.3053821442740878,3.4361406685244806,0.0
official,centered_favor_plus,1046,"[27, 6]",64,20,17.8644186231836,1.2143184600627501,0.0,0.0,0,1.3208568358496422,3.2231901532892615,0.0
official,centered_favor_plus,1083,"[14, 0]",64,20,1.0080199163202443,1.8920043760719227,0.0,0.0,0,0.46259449076819903,1.0032215768969448,0.0
official,centered_favor_plus,1083,"[14, 6]",64,20,1.4415400159205025,1.4336052870777531,0.0,0.0,0,0.9267583041529923,1.251235058300827,0.0
official,centered_favor_plus,1083,"[27, 0]",64,20,66.05016152489357,0.6097745300004906,0.0,0.0,0,1.2137049984111183,7.030615940242343,0.0
official,centered_favor_plus,1083,"[27, 6]",64,20,1.08249953871899,0.8905801157130507,0.0,0.0,0,1.299792018555159,0.9931282944077838,0.0
official,centered_favor_plus,1120,"[14, 0]",64,20,1.4564441801664485,1.4425877344948823,0.0,0.0,0,0.3223201036022018,1.2883008863231462,0.0
official,centered_favor_plus,1120,"[14, 6]",64,20,6.204612861462159,1.9580879902390607,0.0,0.0,0,1.1179255153381826,18.92709743510499,0.0
official,centered_favor_plus,1120,"[27, 0]",64,20,481.31039590799605,1.0499756167692118,0.0,0.0,0,1.2820748844090166,28.641901182076595,0.0
official,centered_favor_plus,1120,"[27, 6]",64,20,1.1638017749187974,1.243928092807429,0.0,0.0,0,1.2975865726289388,0.9973322786919226,0.0
official,centered_favor_plus,1157,"[14, 0]",64,20,0.9981488897329477,1.6113566739521414,0.0,0.0,0,0.3669893022748189,0.9963115870953547,0.0
official,centered_favor_plus,1157,"[14, 6]",64,20,1.0018460332662271,2.0470737174239986,0.0,0.0,0,1.224284057824026,1.0034686653562985,0.0
official,centered_favor_plus,1157,"[27, 0]",64,20,33.21672495506005,0.6385129132441385,0.0,0.0,0,1.273932657083583,4.420820697898754,0.0
official,centered_favor_plus,1157,"[27, 6]",64,20,1046.8469368533542,0.9762787899174004,0.0,0.0,0,1.299047318599252,197.69336033153863,0.0
official,sderf,1009,"[14, 0]",64,20,10.150986167572247,2.101100505893819,0.0,0.0,0,0.43951535491035454,5.832723020814578,0.0
official,sderf,1009,"[14, 6]",64,20,1.0056205059846355,4.151963800978006,0.0,0.0,0,1.7522876775713054,0.9977532086483368,0.0
official,sderf,1009,"[27, 0]",64,20,28.047320049938286,0.6689195106163368,0.0,0.0,0,1.3598248391772716,8.304065035204875,0.0
official,sderf,1009,"[27, 6]",64,20,49.08331518833419,1.120599351828359,0.0,0.0,0,1.4958202736079262,18.36603624208407,0.0
official,sderf,1046,"[14, 0]",64,20,1.0274877962992914,5.140798086209405,0.0,0.0,0,0.9247856110714625,1.0319558632152128,0.0
official,sderf,1046,"[14, 6]",64,20,684.7565205955325,2.095930989630413,0.0,0.0,0,1.0960492888473996,1150.6876415334727,0.0
official,sderf,1046,"[27, 0]",64,20,87.4480361535283,0.6358269814498562,0.0,0.0,0,1.4399080729958211,21.920307140177933,0.0
official,sderf,1046,"[27, 6]",64,20,48.02302365751517,2.8663918010263965,0.0,0.0,0,1.573189423806309,2.4441161374979643,0.0
official,sderf,1083,"[14, 0]",64,20,63.15723376013074,4.1852633208472065,0.0,0.0,0,0.8052188981720171,34.10949578524739,0.0
official,sderf,1083,"[14, 6]",64,20,1.0085027666652804,3.284959534554315,0.0,0.0,0,1.5690087825422474,1.011567272281696,0.0
official,sderf,1083,"[27, 0]",64,20,147.53250698427496,0.7666251664679553,0.0,0.0,0,1.4461810952713072,75.4895453436825,0.0
official,sderf,1083,"[27, 6]",64,20,1.2722702000300066,1.5429112125885303,0.0,0.0,0,1.5015669231470332,1.0125508100860603,0.0
official,sderf,1120,"[14, 0]",64,20,1.021750165860934,8.146121179119081,0.0,0.0,0,1.379871328278392,1.0107876843628676,0.0
official,sderf,1120,"[14, 6]",64,20,1.1623779539676313,2.7187391432910313,0.0,0.0,0,1.3341302617981703,1.1265952256116936,0.0
official,sderf,1120,"[27, 0]",64,20,2.546673830863285,0.9895943805492439,0.0,0.0,0,1.4576854858443382,1.1447524991336608,0.0
official,sderf,1120,"[27, 6]",64,20,65.18974111256023,2.8525942251365968,0.0,0.0,0,1.5504538821176692,3.5017096512711086,0.0
official,sderf,1157,"[14, 0]",64,20,1.071049664741713,5.077241544943179,0.0,0.0,0,0.9346447427174125,1.038905627460755,0.0
official,sderf,1157,"[14, 6]",64,20,1.001999935461459,2.561268022535326,0.0,0.0,0,1.2643029396120762,0.9985694136697317,0.0
official,sderf,1157,"[27, 0]",64,20,4.51772456865085,0.7381948171609132,0.0,0.0,0,1.5105280839242323,1.2759128341296408,0.0
official,sderf,1157,"[27, 6]",64,20,14961.590878619045,2.077880084472198,0.0,0.0,0,1.5239062561770798,1028.8408181386674,0.0
official,aderf,1009,"[14, 0]",64,20,12798.9353897037,1.4412856692507912,0.0,0.0,0,0.33687469049260765,6851.835877455983,0.0
official,aderf,1009,"[14, 6]",64,20,1.082596854291479,1.3938336232906385,0.0,0.0,0,0.9516683315352896,1.1104201773413602,0.0
official,aderf,1009,"[27, 0]",64,20,1.1128955760295745,0.6361534647760673,0.0,0.0,0,1.3955587753062302,1.0320816115020344,0.0
official,aderf,1009,"[27, 6]",64,20,13.030711107092008,2.8279153890110154,0.0,0.0,0,1.541225664367549,4.33761528278324,0.0
official,aderf,1046,"[14, 0]",64,20,27985.00776958972,1.729177556639575,0.0,0.0,0,0.422863586833561,14930.09322722986,0.0
official,aderf,1046,"[14, 6]",64,20,1.0047418657946405,1.5500210494062623,0.0,0.0,0,1.0393147797749136,1.0049623085124715,0.0
official,aderf,1046,"[27, 0]",64,20,1.0327869946422124,0.7593886194331876,0.0,0.0,0,1.5038877985786667,1.0033074457379905,0.0
official,aderf,1046,"[27, 6]",64,20,1.3781253016966113,2.1724049804145884,0.0,0.0,0,1.555856620143302,1.0352269093510986,0.0
official,aderf,1083,"[14, 0]",64,20,1.272243224908109,3.5250499139203018,0.0,0.0,0,0.8129515728859769,1.5377314088494267,0.0
official,aderf,1083,"[14, 6]",64,20,1.0013217030128228,1.1749298964555293,0.0,0.0,0,0.8628099590787617,1.0009625030408855,0.0
official,aderf,1083,"[27, 0]",64,20,1.0040125992570812,0.6956435474508985,0.0,0.0,0,1.4348558808931968,1.002015888641132,0.0
official,aderf,1083,"[27, 6]",64,20,1.0263149070873636,1.5903668340420878,0.0,0.0,0,1.529741171755982,1.0027955631394831,0.0
official,aderf,1120,"[14, 0]",64,20,27.084610255854123,2.0002782669356756,0.0,0.0,0,0.4913686969256922,16.03728869356212,0.0
official,aderf,1120,"[14, 6]",64,20,8.515172291120644,1.0828073681511161,0.0,0.0,0,0.7704072733769135,5.5995615750647385,0.0
official,aderf,1120,"[27, 0]",64,20,1.2526087846345368,0.6848878122676555,0.0,0.0,0,1.4245548596434066,1.0576306287103758,0.0
official,aderf,1120,"[27, 6]",64,20,1.0011794562638532,2.153313341104593,0.0,0.0,0,1.5790497333838844,1.000120765477605,0.0
official,aderf,1157,"[14, 0]",64,20,565.0556340753764,3.3797996771889958,0.0,0.0,0,0.7786979373135325,544.3781292272782,0.0
official,aderf,1157,"[14, 6]",64,20,1.0283670388998516,1.7919384261979594,0.0,0.0,0,1.1640530541674987,1.0635626207898325,0.0
official,aderf,1157,"[27, 0]",64,20,1.2696290159308516,1.2021419455864384,0.0,0.0,0,1.5187757233524022,1.023034248335367,0.0
official,aderf,1157,"[27, 6]",64,20,1.0265891981960473,2.841871434927445,0.0,0.0,0,1.5574911196666401,1.0027809004430104,0.0
official,partition,,"[14, 0]",64,20,0.666381235823279,0.8347791759217918,0.0,0.0,0,0.2363144302588786,0.6014448746666171,0.0
official,partition,,"[14, 6]",64,20,0.996999930091816,0.42613931695524043,0.0,0.0,0,0.5529123351806776,0.9817569331080779,0.0
official,partition,,"[27, 0]",64,20,0.8650261547203175,0.3006650704819214,0.0,0.0,0,1.0257410344140792,0.26924815205906133,0.0
official,partition,,"[27, 6]",64,20,0.7583850217940517,0.4451049763363969,0.0,0.0,0,0.9666593201630548,0.3952420911971554,0.0
official,galerkin,,"[14, 0]",64,20,0.6463525984413641,1.9346492867979632,0.19200057983398439,0.000390625,0,0.22954880602194289,0.5775989808559356,0.0
official,galerkin,,"[14, 6]",64,20,0.9945230208800852,0.5017696239704293,0.27039051055908203,9.765625e-05,0,0.42478521585460227,0.9363599137303336,0.0
official,galerkin,,"[27, 0]",64,20,0.6107325864819979,0.29119163245755875,0.20026931762695313,9.765625e-05,0,0.7340590322363786,0.12290762833478944,0.0
official,galerkin,,"[27, 6]",64,20,0.5012194902662516,1.5264135561161563,0.19471149444580077,0.00087890625,0,0.8467623832867203,0.15553942707828178,0.0
official,favor_plus,pooled_5_blocks,"[14, 0]",640,20,0.9999770382113539,1.320260717560901,0.0,0.0,0,0.31110732362569393,0.9999854720405078,0.0
official,favor_plus,pooled_5_blocks,"[14, 6]",640,20,1.2932782571439456,1.070901097801493,0.0,0.0,0,0.7850290574554073,2.4199556644705598,0.0
official,favor_plus,pooled_5_blocks,"[27, 0]",640,20,1.0013071470915698,0.8678827358994953,0.0,0.0,0,1.4686773649951361,0.9999915447649127,0.0
official,favor_plus,pooled_5_blocks,"[27, 6]",640,20,1.000033202342239,3.5462360853971617,0.0,0.0,0,1.552500619374635,0.9999640063331339,0.0
official,centered_favor_plus,pooled_5_blocks,"[14, 0]",640,20,1.0634753456846329,1.1485109969338667,0.0,0.0,0,0.2631829078349694,1.015406540554134,0.0
official,centered_favor_plus,pooled_5_blocks,"[14, 6]",640,20,1.3601409915179457,1.3411268116168964,0.0,0.0,0,0.9017680203402243,1.3452962782347078,0.0
official,centered_favor_plus,pooled_5_blocks,"[27, 0]",640,20,10.162627765385501,0.6889131296166473,0.0,0.0,0,1.0749509033922826,2.03112701615206,0.0
official,centered_favor_plus,pooled_5_blocks,"[27, 6]",640,20,20.471719836954986,0.9333459863074253,0.0,0.0,0,1.094723260650873,3.1494175217423677,0.0
official,sderf,pooled_5_blocks,"[14, 0]",640,20,2.5487436709882356,2.6522210500446946,0.0,0.0,0,0.5834704336631694,1.904070231778662,0.0
official,sderf,pooled_5_blocks,"[14, 6]",640,20,7.801294155212529,2.7635836963123435,0.0,0.0,0,1.3943627794507258,12.421703755530533,0.0
official,sderf,pooled_5_blocks,"[27, 0]",640,20,10.607172384196666,0.6432025262576724,0.0,0.0,0,1.2048661666710285,2.8284880080999693,0.0
official,sderf,pooled_5_blocks,"[27, 6]",640,20,152.06667031683605,1.2967494261674082,0.0,0.0,0,1.2996859494141275,9.811760221719076,0.0
official,aderf,pooled_5_blocks,"[14, 0]",640,20,414.0989665113298,1.3113406618002954,0.0,0.0,0,0.33974175972012705,223.93687175470617,0.0
official,aderf,pooled_5_blocks,"[14, 6]",640,20,1.31097186610456,0.8674752414221927,0.0,0.0,0,0.7237578302804464,1.1673844395706134,0.0
official,aderf,pooled_5_blocks,"[27, 0]",640,20,1.6342635870061542,0.6520867524652798,0.0,0.0,0,1.2719329717972818,1.0415444235994207,0.0
official,aderf,pooled_5_blocks,"[27, 6]",640,20,938.1676885494429,1.9828810355600992,0.0,0.0,0,1.3905765168569766,63.66542634528514,0.0
