dataset,head,method,m,realizations,mean,median,minimum,maximum,std
internal,"[14, 0]",favor_plus,16,5,0.9999760289942095,0.9999830763901214,0.9999187611306632,0.9999995991024812,3.328810640019052e-05
internal,"[14, 0]",favor_plus,32,5,0.9999621926762504,0.9999509352232385,0.9999199739505972,0.9999989708864668,3.2643687495332086e-05
internal,"[14, 0]",favor_plus,64,5,1.0000231697598665,0.9999941484289085,0.9999235720043154,1.0002783961355501,0.00014705115493045295
internal,"[14, 0]",favor_plus,128,5,0.9999742417954361,0.999968607660997,0.9999211574641208,1.0000585713772197,5.556741754904029e-05
internal,"[14, 0]",favor_plus,640,1,0.9999607050996326,0.9999607050996326,0.9999607050996326,0.9999607050996326,
internal,"[14, 0]",centered_favor_plus,16,5,33.28977704616185,1.7524365745271233,1.0055280268254878,147.34754570981144,64.03465669163597
internal,"[14, 0]",centered_favor_plus,32,5,9.415439472157926,1.9464928080008923,1.0984424693282602,38.35301913736797,16.233181877128466
internal,"[14, 0]",centered_favor_plus,64,5,141.67121061673222,1.6250569124251628,1.0472543258252487,684.5911769167758,303.6106917176864
internal,"[14, 0]",centered_favor_plus,128,5,39.76428346458179,5.765506232043219,1.3589283298777435,171.99688579071469,74.16360058414547
internal,"[14, 0]",centered_favor_plus,640,1,8.675214471433042,8.675214471433042,8.675214471433042,8.675214471433042,
internal,"[14, 0]",sderf,16,5,850.0287860883453,21.29089490833913,1.3295198984601684,4198.087456012545,1871.657031537646
internal,"[14, 0]",sderf,32,5,823169.1052370802,65.87467191783466,1.3987623031875094,4114712.2742979806,1840028.623387803
internal,"[14, 0]",sderf,64,5,205825.80043815734,22.04968629668843,1.1306554363374182,1028675.1730763718,459986.8149297818
internal,"[14, 0]",sderf,128,5,58843.34076323909,356.80337889313864,8.611552358240253,257171.83424579166,111978.660630774
internal,"[14, 0]",sderf,640,1,11768.762563765033,11768.762563765033,11768.762563765033,11768.762563765033,
internal,"[14, 0]",aderf,16,5,6.277336685430694,1.4798368020947643,1.001462896944716,19.615921101209306,8.06696740198875
internal,"[14, 0]",aderf,32,5,1132381.1368800378,43.20319921327168,2.069701836614006,5576151.835241165,2484420.2981018606
internal,"[14, 0]",aderf,64,5,286319.3041591303,9214.58333139577,8.415412696781079,1394038.8989668034,619282.3092237734
internal,"[14, 0]",aderf,128,5,71686.84044662632,2304.5429131292276,20.32962198517952,349012.9040522853,155042.01306974303
internal,"[14, 0]",aderf,640,1,14337.587560881922,14337.587560881922,14337.587560881922,14337.587560881922,
internal,"[14, 0]",partition,16,1,0.2718942970329921,0.2718942970329921,0.2718942970329921,0.2718942970329921,
internal,"[14, 0]",partition,32,1,0.22054438176749944,0.22054438176749944,0.22054438176749944,0.22054438176749944,
internal,"[14, 0]",partition,64,1,0.2065490600260428,0.2065490600260428,0.2065490600260428,0.2065490600260428,
internal,"[14, 0]",partition,128,1,0.20328245484317584,0.20328245484317584,0.20328245484317584,0.20328245484317584,
internal,"[14, 0]",galerkin,16,1,0.17144137505973858,0.17144137505973858,0.17144137505973858,0.17144137505973858,
internal,"[14, 0]",galerkin,32,1,0.17129151114046443,0.17129151114046443,0.17129151114046443,0.17129151114046443,
internal,"[14, 0]",galerkin,64,1,0.17172238499482154,0.17172238499482154,0.17172238499482154,0.17172238499482154,
internal,"[14, 0]",galerkin,128,1,0.17180030700867427,0.17180030700867427,0.17180030700867427,0.17180030700867427,
internal,"[14, 6]",favor_plus,16,5,2.5454415523099456,1.1648403514929897,0.9991977628003622,5.4524410193689326,2.093880665140662
internal,"[14, 6]",favor_plus,32,5,1.4596438367838027,1.3851785864901776,0.9993438533351096,2.1029554054511346,0.47511765378663906
internal,"[14, 6]",favor_plus,64,5,295.936805275346,3.8765227552658454,1.0929105544913345,1371.0988704461106,602.6078405873493
internal,"[14, 6]",favor_plus,128,5,76.22585981880728,7.591751488872631,1.0248473740342499,343.7646675284612,149.90173565878663
internal,"[14, 6]",favor_plus,640,1,16.02997356820754,16.02997356820754,16.02997356820754,16.02997356820754,
internal,"[14, 6]",centered_favor_plus,16,5,194.24132761980033,4.196674686339795,1.054060272946837,780.1023925315573,336.7524000128861
internal,"[14, 6]",centered_favor_plus,32,5,54.08059286901758,15.298790685939835,1.1489645288489585,197.5074778432824,83.08042279973523
internal,"[14, 6]",centered_favor_plus,64,5,2976.079765831266,50.57624365045961,13.726326897291877,11630.420515677028,5024.676899231421
internal,"[14, 6]",centered_favor_plus,128,5,1853.7931835714749,1573.1334549000521,20.492049635297633,4707.592318805003,1994.8392753590183
internal,"[14, 6]",centered_favor_plus,640,1,371.42879809673815,371.42879809673815,371.42879809673815,371.42879809673815,
internal,"[14, 6]",sderf,16,5,1063.9971380907407,162.91280039375872,26.33793316975571,2912.2722129917825,1333.0577817312694
internal,"[14, 6]",sderf,32,5,141797.17401410604,896.0626918311391,13.563320331652639,703091.7109438835,313777.1700824517
internal,"[14, 6]",sderf,64,5,35673.75472810646,308.67355464978783,10.130168242945098,175774.49614012815,78322.66097604221
internal,"[14, 6]",sderf,128,5,21342.044577870718,6372.438039946167,9.408323181027834,56049.48967956863,26630.04213121906
internal,"[14, 6]",sderf,640,1,4269.1301393332415,4269.1301393332415,4269.1301393332415,4269.1301393332415,
internal,"[14, 6]",aderf,16,5,744.8020335683865,246.50495176754885,1.5965550054790463,2783.261066032369,1173.2898177107322
internal,"[14, 6]",aderf,32,5,233.29795508060653,172.66759200119978,41.18855292034323,701.00338606176,268.52012225761996
internal,"[14, 6]",aderf,64,5,10969.140665732355,45.18579988742871,17.374767106444025,54668.35614708275,24428.61453569868
internal,"[14, 6]",aderf,128,5,3228.607336511426,225.79452985127153,23.347383437011906,14131.880339048703,6132.993200935209
internal,"[14, 6]",aderf,640,1,646.4467227752956,646.4467227752956,646.4467227752956,646.4467227752956,
internal,"[14, 6]",partition,16,1,0.4693033231953576,0.4693033231953576,0.4693033231953576,0.4693033231953576,
internal,"[14, 6]",partition,32,1,0.46815731560686913,0.46815731560686913,0.46815731560686913,0.46815731560686913,
internal,"[14, 6]",partition,64,1,0.4676562612841022,0.4676562612841022,0.4676562612841022,0.4676562612841022,
internal,"[14, 6]",partition,128,1,0.4672798584008883,0.4672798584008883,0.4672798584008883,0.4672798584008883,
internal,"[14, 6]",galerkin,16,1,0.47051337991759645,0.47051337991759645,0.47051337991759645,0.47051337991759645,
internal,"[14, 6]",galerkin,32,1,0.47592195535435433,0.47592195535435433,0.47592195535435433,0.47592195535435433,
internal,"[14, 6]",galerkin,64,1,0.4776358095613762,0.4776358095613762,0.4776358095613762,0.4776358095613762,
internal,"[14, 6]",galerkin,128,1,0.4793719385114526,0.4793719385114526,0.4793719385114526,0.4793719385114526,
internal,"[27, 0]",favor_plus,16,5,1.000153645187492,1.0000006367715653,0.9999999749207616,1.0007062049696849,0.00031002538621275325
internal,"[27, 0]",favor_plus,32,5,1.0397106246336922,1.0000098606974919,0.9999998961291299,1.17974704393278,0.0787045661073015
internal,"[27, 0]",favor_plus,64,5,1.0144487104244244,1.0045405781334247,0.9999997099545355,1.0449270294442707,0.01941298096486568
internal,"[27, 0]",favor_plus,128,5,1.0062163354740203,1.0056460239851868,0.9999990334250165,1.013146667523587,0.005890761614682318
internal,"[27, 0]",favor_plus,640,1,1.0011731747104733,1.0011731747104733,1.0011731747104733,1.0011731747104733,
internal,"[27, 0]",centered_favor_plus,16,5,3863.235964375896,159.75260077244602,1.201572767974023,18313.914818274887,8085.308350529044
internal,"[27, 0]",centered_favor_plus,32,5,1041.3821738585195,207.98327836242942,4.5678394245791765,4579.280371968292,1982.9253603153666
internal,"[27, 0]",centered_favor_plus,64,5,2238.684615454863,767.7480328355899,53.79741320186684,9147.807173982066,3890.322751653801
internal,"[27, 0]",centered_favor_plus,128,5,668.2441800178276,233.47141760664599,16.456629968465084,2771.4089987088046,1182.3005910091426
internal,"[27, 0]",centered_favor_plus,640,1,134.35985111299772,134.35985111299772,134.35985111299772,134.35985111299772,
internal,"[27, 0]",sderf,16,5,2252.588036110082,567.0034350594534,74.46117982510985,6972.122859271745,2942.9321596702193
internal,"[27, 0]",sderf,32,5,804.2859444738577,831.0344885247956,89.19898899348789,1746.0076112582021,685.8155450750032
internal,"[27, 0]",sderf,64,5,1274.0976117188727,252.56488554422845,37.470478127982304,4161.417549551624,1777.238137803536
internal,"[27, 0]",sderf,128,5,8828.801061066593,1082.2517902140196,258.3894769890865,36943.1516150338,15825.2800691599
internal,"[27, 0]",sderf,640,1,1766.1074466608607,1766.1074466608607,1766.1074466608607,1766.1074466608607,
internal,"[27, 0]",aderf,16,5,925.6353738953705,832.275551329559,15.416870298407938,2007.7917072908638,831.4139552235663
internal,"[27, 0]",aderf,32,5,232.5338474025766,210.33738745347793,4.889269965357003,502.70029272017825,207.72635967878094
internal,"[27, 0]",aderf,64,5,69.7615115249358,53.33131992769367,2.098514307543415,144.99014413030778,64.06292182252136
internal,"[27, 0]",aderf,128,5,21.683939069728726,16.905670400006173,5.924058266203597,38.29087478319771,13.711253787084209
internal,"[27, 0]",aderf,640,1,5.1311699936812865,5.1311699936812865,5.1311699936812865,5.1311699936812865,
internal,"[27, 0]",partition,16,1,0.7980923685001348,0.7980923685001348,0.7980923685001348,0.7980923685001348,
internal,"[27, 0]",partition,32,1,0.7905412835861951,0.7905412835861951,0.7905412835861951,0.7905412835861951,
internal,"[27, 0]",partition,64,1,0.7842004236075844,0.7842004236075844,0.7842004236075844,0.7842004236075844,
internal,"[27, 0]",partition,128,1,0.7795995964771218,0.7795995964771218,0.7795995964771218,0.7795995964771218,
internal,"[27, 0]",galerkin,16,1,0.5526471507143726,0.5526471507143726,0.5526471507143726,0.5526471507143726,
internal,"[27, 0]",galerkin,32,1,0.5256347711743983,0.5256347711743983,0.5256347711743983,0.5256347711743983,
internal,"[27, 0]",galerkin,64,1,0.5123278922694695,0.5123278922694695,0.5123278922694695,0.5123278922694695,
internal,"[27, 0]",galerkin,128,1,0.5071933307563775,0.5071933307563775,0.5071933307563775,0.5071933307563775,
internal,"[27, 6]",favor_plus,16,5,1.0001368193219207,0.9999999750384546,0.9999990687566314,1.0006799703735627,0.00030364001837834294
internal,"[27, 6]",favor_plus,32,5,1.000032907221299,0.9999999767797475,0.9999978287526514,1.0001674241825014,7.520240142401651e-05
internal,"[27, 6]",favor_plus,64,5,1.0137068508241,1.0000061945845504,0.9999993550037337,1.0645911888943544,0.028496210783127612
internal,"[27, 6]",favor_plus,128,5,1.0151306948248375,1.006894966486682,0.9999994437839579,1.051331533147767,0.021212895491386052
internal,"[27, 6]",favor_plus,640,1,1.0029763161989755,1.0029763161989755,1.0029763161989755,1.0029763161989755,
internal,"[27, 6]",centered_favor_plus,16,5,582.2977353283734,12.581908277426631,4.143838049999181,2798.251250005452,1239.2547860700693
internal,"[27, 6]",centered_favor_plus,32,5,152.78323135667097,6.275273977007606,2.041529665820099,728.0659697347941,321.7019328197997
internal,"[27, 6]",centered_favor_plus,64,5,2499.1811698563893,224.83766101335382,20.86010234738865,6373.806529591648,3229.669985678288
internal,"[27, 6]",centered_favor_plus,128,5,784.2963226517588,94.65412662247682,39.37669198012006,1933.7191326046109,981.0378509463582
internal,"[27, 6]",centered_favor_plus,640,1,157.37712334414712,157.37712334414712,157.37712334414712,157.37712334414712,
internal,"[27, 6]",sderf,16,5,1463.6893725933578,817.1339949298685,80.11966635831051,5183.518877236986,2125.150937183559
internal,"[27, 6]",sderf,32,5,1080220.9465241623,1298.9856849307992,35.471238068619215,5395528.643599014,2412330.6123384726
internal,"[27, 6]",sderf,64,5,271111.30733898,804.3158270833612,14.934338621941384,1348949.4607385164,602533.8420734324
internal,"[27, 6]",sderf,128,5,72882.86209291356,1361.243113549083,17.697027042020906,337287.26053707785,148169.403195062
internal,"[27, 6]",sderf,640,1,14576.333134824923,14576.333134824923,14576.333134824923,14576.333134824923,
internal,"[27, 6]",aderf,16,5,165.53467290102085,1.0165710331517996,1.0000959051505023,756.3051863489695,331.53559197687275
internal,"[27, 6]",aderf,32,5,122.20634458800586,17.83600456962299,1.0000292923375342,401.3120134590984,175.18167678818523
internal,"[27, 6]",aderf,64,5,32.41662165664946,5.223769286678718,1.0387881412043123,101.0798625487407,44.371524547187526
internal,"[27, 6]",aderf,128,5,9.43618415784682,3.50503277966372,1.0905357129277962,27.227963898396613,11.31347405556961
internal,"[27, 6]",aderf,640,1,2.6865038622707584,2.6865038622707584,2.6865038622707584,2.6865038622707584,
internal,"[27, 6]",partition,16,1,0.6764414241266774,0.6764414241266774,0.6764414241266774,0.6764414241266774,
internal,"[27, 6]",partition,32,1,0.6674977673963145,0.6674977673963145,0.6674977673963145,0.6674977673963145,
internal,"[27, 6]",partition,64,1,0.6608479866292619,0.6608479866292619,0.6608479866292619,0.6608479866292619,
internal,"[27, 6]",partition,128,1,0.6584147241752653,0.6584147241752653,0.6584147241752653,0.6584147241752653,
internal,"[27, 6]",galerkin,16,1,0.3579283892189094,0.3579283892189094,0.3579283892189094,0.3579283892189094,
internal,"[27, 6]",galerkin,32,1,0.3308226434413819,0.3308226434413819,0.3308226434413819,0.3308226434413819,
internal,"[27, 6]",galerkin,64,1,0.31808501779777004,0.31808501779777004,0.31808501779777004,0.31808501779777004,
internal,"[27, 6]",galerkin,128,1,0.3121851187228054,0.3121851187228054,0.3121851187228054,0.3121851187228054,
official,"[14, 0]",favor_plus,16,5,0.9999652592098102,0.9999898146184449,0.9999111924653921,0.9999996890727195,4.285083922380832e-05
official,"[14, 0]",favor_plus,32,5,0.9999683613161685,0.9999680347359302,0.99992513263388,0.9999988692419035,3.03080954154292e-05
official,"[14, 0]",favor_plus,64,5,0.9999684606543242,0.9999809514104252,0.9999219550261257,0.999996995522808,3.32449564956212e-05
official,"[14, 0]",favor_plus,128,5,0.9999622831315895,0.9999729674628263,0.9999266795388002,0.9999890865672382,2.9792600760640235e-05
official,"[14, 0]",favor_plus,640,1,0.9999608004087654,0.9999608004087654,0.9999608004087654,0.9999608004087654,
official,"[14, 0]",centered_favor_plus,16,5,1.4732642918058436,1.0150064140008386,0.9947726824779949,3.095422125676871,0.913725238017705
official,"[14, 0]",centered_favor_plus,32,5,1.2417507974561846,1.1329850235909176,0.9939648172589067,1.5128222690854212,0.24552099627312987
official,"[14, 0]",centered_favor_plus,64,5,2.270719754889925,1.1221955283978415,0.9964113372284333,6.8888005963259085,2.585088183194722
official,"[14, 0]",centered_favor_plus,128,5,2.1274381134359714,1.1741613567983353,1.0467150477866316,4.879358585258796,1.6524136806915513
official,"[14, 0]",centered_favor_plus,640,1,1.1594201244346758,1.1594201244346758,1.1594201244346758,1.1594201244346758,
official,"[14, 0]",sderf,16,5,54.48631542346717,1.0800977112336438,1.000000580935001,252.35007255206827,110.82507176523856
official,"[14, 0]",sderf,32,5,99.43179209838885,5.002716108357657,1.018870437775809,426.2129807212998,184.59123726425574
official,"[14, 0]",sderf,64,5,25.60407668725333,2.0181982179491054,1.0079799260954776,107.1153036612497,46.041468891141434
official,"[14, 0]",sderf,128,5,14.32703370042371,5.1292187310792805,1.063912738527695,47.555961612157596,19.62662018334908
official,"[14, 0]",sderf,640,1,3.5644989302675,3.5644989302675,3.5644989302675,3.5644989302675,
official,"[14, 0]",aderf,16,5,1.117818390862551,1.0819631967965093,1.0024802037453182,1.3031564510700633,0.12581124910460703
official,"[14, 0]",aderf,32,5,39235.50631327399,7.3937408179448765,1.222348017810618,191073.10105336734,84908.32941095062
official,"[14, 0]",aderf,64,5,14185.729434133533,1272.8342574232774,1.2399233185075722,47764.61824631501,20940.88779946676
official,"[14, 0]",aderf,128,5,3547.7854102720803,325.075291602857,1.4004483469682143,11939.793796539021,5233.225184631457
official,"[14, 0]",aderf,640,1,709.1983116347352,709.1983116347352,709.1983116347352,709.1983116347352,
official,"[14, 0]",partition,16,1,0.3352531492315558,0.3352531492315558,0.3352531492315558,0.3352531492315558,
official,"[14, 0]",partition,32,1,0.26483074234610715,0.26483074234610715,0.26483074234610715,0.26483074234610715,
official,"[14, 0]",partition,64,1,0.2541343343327886,0.2541343343327886,0.2541343343327886,0.2541343343327886,
official,"[14, 0]",partition,128,1,0.2512681949371369,0.2512681949371369,0.2512681949371369,0.2512681949371369,
official,"[14, 0]",galerkin,16,1,0.22040622200832688,0.22040622200832688,0.22040622200832688,0.22040622200832688,
official,"[14, 0]",galerkin,32,1,0.21895665482177445,0.21895665482177445,0.21895665482177445,0.21895665482177445,
official,"[14, 0]",galerkin,64,1,0.21968256317139537,0.21968256317139537,0.21968256317139537,0.21968256317139537,
official,"[14, 0]",galerkin,128,1,0.21968807177811236,0.21968807177811236,0.21968807177811236,0.21968807177811236,
official,"[14, 6]",favor_plus,16,5,1.041847083352733,1.003874662590533,0.9998542805781748,1.1917325105444934,0.08397376633158776
official,"[14, 6]",favor_plus,32,5,1.011091031116155,1.0029304464868611,0.9999106626949585,1.047085904622877,0.020255109851790333
official,"[14, 6]",favor_plus,64,5,65.74651485044569,1.0013747668533446,1.0005072807350626,324.31446031194236,144.54398694153187
official,"[14, 6]",favor_plus,128,5,29.924154478621016,1.104226821363045,0.999956406867718,81.82429002376524,40.01936784511683
official,"[14, 6]",favor_plus,640,1,6.782750470745786,6.782750470745786,6.782750470745786,6.782750470745786,
official,"[14, 6]",centered_favor_plus,16,5,3.3988035797829013,1.075109212105278,1.0005986444734047,12.809723181775015,5.261014902282474
official,"[14, 6]",centered_favor_plus,32,5,4.060896198636508,1.1712023626405266,1.0233176949917686,13.127977947903817,5.219976607562658
official,"[14, 6]",centered_favor_plus,64,5,8.339407888371877,1.7380558163622215,1.0098331960498912,28.890628020184835,11.947697102527735
official,"[14, 6]",centered_favor_plus,128,5,49.53952518793601,8.580486534282382,1.270153984348019,208.07789501074308,88.93701629124423
official,"[14, 6]",centered_favor_plus,640,1,10.691167017035982,10.691167017035982,10.691167017035982,10.691167017035982,
official,"[14, 6]",sderf,16,5,3.447240784279138,2.2752893681279436,1.0056108731406073,7.510655007255136,2.7043771848057467
official,"[14, 6]",sderf,32,5,4.027462198085084,4.330194571170052,1.0689865096529447,6.171998861186947,2.102334244750867
official,"[14, 6]",sderf,64,5,131.7564088945955,2.2885965824899968,1.1864711071715222,649.6839793260426,289.5325125528078
official,"[14, 6]",sderf,128,5,41.386302176294265,2.0194764945539467,1.3859739644573368,199.44601555879922,88.35870825140415
official,"[14, 6]",sderf,640,1,9.040022568709098,9.040022568709098,9.040022568709098,9.040022568709098,
official,"[14, 6]",aderf,16,5,35.989023724388915,1.0237359276926146,1.0082368994998865,172.11172728289182,76.11247049767019
official,"[14, 6]",aderf,32,5,10.18533119180937,1.9461853814847114,1.0250747650052539,44.684610280130634,19.290961037580487
official,"[14, 6]",aderf,64,5,942.4741168798383,1.6388589814586763,1.0140778368694574,4706.786385378406,2104.3145491941095
official,"[14, 6]",aderf,128,5,258.5064690363264,12.13637363885533,1.1054464100014978,1177.6387912915102,515.4452302156358
official,"[14, 6]",aderf,640,1,52.498076374893415,52.498076374893415,52.498076374893415,52.498076374893415,
official,"[14, 6]",partition,16,1,0.9457748284436219,0.9457748284436219,0.9457748284436219,0.9457748284436219,
official,"[14, 6]",partition,32,1,0.9456397524837092,0.9456397524837092,0.9456397524837092,0.9456397524837092,
official,"[14, 6]",partition,64,1,0.9455909776172428,0.9455909776172428,0.9455909776172428,0.9455909776172428,
official,"[14, 6]",partition,128,1,0.9455365854293832,0.9455365854293832,0.9455365854293832,0.9455365854293832,
official,"[14, 6]",galerkin,16,1,0.9439715268360386,0.9439715268360386,0.9439715268360386,0.9439715268360386,
official,"[14, 6]",galerkin,32,1,0.9433408405313458,0.9433408405313458,0.9433408405313458,0.9433408405313458,
official,"[14, 6]",galerkin,64,1,0.9426877497351346,0.9426877497351346,0.9426877497351346,0.9426877497351346,
official,"[14, 6]",galerkin,128,1,0.9422941246728548,0.9422941246728548,0.9422941246728548,0.9422941246728548,
official,"[27, 0]",favor_plus,16,5,1.0002530067163542,0.9999999990611937,0.9999998922168709,1.0011448536286953,0.0005012775823591018
official,"[27, 0]",favor_plus,32,5,1.0013624741334874,1.0002745135892486,0.9999998698653563,1.0045872654440366,0.001977523248887977
official,"[27, 0]",favor_plus,64,5,1.0087518660669614,1.0004802998837348,0.999997592396731,1.0422522719171303,0.01873130104300269
official,"[27, 0]",favor_plus,128,5,1.0025484324673908,1.000159512219204,1.000014434019248,1.0105589156858916,0.004545525857998797
official,"[27, 0]",favor_plus,640,1,1.0004566933432886,1.0004566933432886,1.0004566933432886,1.0004566933432886,
official,"[27, 0]",centered_favor_plus,16,5,306087.12464995903,22.142481043925375,1.3853451482933041,1528567.7747573634,683387.9160896944
official,"[27, 0]",centered_favor_plus,32,5,76525.1181059867,10.314821349621798,3.200678441975714,382142.60676870693,170845.48214739998
official,"[27, 0]",centered_favor_plus,64,5,19359.258932997884,457.70595125574783,35.29769171665069,95537.23081718411,42585.51115759775
official,"[27, 0]",centered_favor_plus,128,5,4868.526224606036,141.88950652346853,11.156598917443732,23887.808876716266,10632.60389528664
official,"[27, 0]",centered_favor_plus,640,1,974.3995411693191,974.3995411693191,974.3995411693191,974.3995411693191,
official,"[27, 0]",sderf,16,5,903.9006926547042,319.08424677594115,13.51970640351773,3518.9151843299537,1469.7966996935468
official,"[27, 0]",sderf,32,5,234.35610572393963,93.70691265761245,6.708126968431457,881.6524369229791,363.97939706194927
official,"[27, 0]",sderf,64,5,411.0355413926864,238.5520494084899,12.699901796709412,1523.0323742693813,632.072445013484
official,"[27, 0]",sderf,128,5,2882.6658225090446,334.34669602939897,46.57632875020426,13542.80235815912,5961.422006149407
official,"[27, 0]",sderf,640,1,576.8759365371419,576.8759365371419,576.8759365371419,576.8759365371419,
official,"[27, 0]",aderf,16,5,24.711609299234624,7.950652211602781,1.5779163810471046,88.28437640796719,36.590681783303445
official,"[27, 0]",aderf,32,5,6.961693998673024,2.7378824699713182,1.1444881664874507,22.908436651023813,9.17518024188348
official,"[27, 0]",aderf,64,5,2.5792182410067825,1.8578700159462158,1.0552629844592363,6.473083300766421,2.2468291614266644
official,"[27, 0]",aderf,128,5,15.824837532599162,2.571731886608846,1.2375568351927735,65.4638390838545,27.908942879236605
official,"[27, 0]",aderf,640,1,3.9576120621639888,3.9576120621639888,3.9576120621639888,3.9576120621639888,
official,"[27, 0]",partition,16,1,0.7124067325599851,0.7124067325599851,0.7124067325599851,0.7124067325599851,
official,"[27, 0]",partition,32,1,0.7018858997386903,0.7018858997386903,0.7018858997386903,0.7018858997386903,
official,"[27, 0]",partition,64,1,0.6879134529527817,0.6879134529527817,0.6879134529527817,0.6879134529527817,
official,"[27, 0]",partition,128,1,0.679045336596267,0.679045336596267,0.679045336596267,0.679045336596267,
official,"[27, 0]",galerkin,16,1,0.4378588618933074,0.4378588618933074,0.4378588618933074,0.4378588618933074,
official,"[27, 0]",galerkin,32,1,0.409037677707987,0.409037677707987,0.409037677707987,0.409037677707987,
official,"[27, 0]",galerkin,64,1,0.38382153232467886,0.38382153232467886,0.38382153232467886,0.38382153232467886,
official,"[27, 0]",galerkin,128,1,0.3743988252137313,0.3743988252137313,0.3743988252137313,0.3743988252137313,
official,"[27, 6]",favor_plus,16,5,1.0000043580630067,0.9999999889511721,0.9999988087528104,1.0000232625292385,1.0579093160359543e-05
official,"[27, 6]",favor_plus,32,5,1.0000011778570146,0.9999999937017134,0.9999998539535071,1.0000053591396418,2.3601633193020358e-06
official,"[27, 6]",favor_plus,64,5,1.0000766149844915,1.0000004506000615,0.9999998598485275,1.0002371102654575,0.00010963904486784003
official,"[27, 6]",favor_plus,128,5,1.0035087137903569,1.000043357932818,0.9999997704034751,1.017385732867809,0.007757533053453323
official,"[27, 6]",favor_plus,640,1,1.000671208887512,1.000671208887512,1.000671208887512,1.000671208887512,
official,"[27, 6]",centered_favor_plus,16,5,7.0668837453069235,2.8361578143696473,1.0951255639734947,18.60845716362743,7.78613702171589
official,"[27, 6]",centered_favor_plus,32,5,5.912442307010976,1.7089811584474852,1.0276540132514274,21.6608868614506,8.864961854535128
official,"[27, 6]",centered_favor_plus,64,5,147.6605277530555,25.758948230953624,2.401056089711723,649.5353520261041,281.1848803744924
official,"[27, 6]",centered_favor_plus,128,5,68.45126168935565,22.301624548333027,4.298576927259923,164.19781655746127,78.03751671260797
official,"[27, 6]",centered_favor_plus,640,1,14.385326381651653,14.385326381651653,14.385326381651653,14.385326381651653,
official,"[27, 6]",sderf,16,5,115.61495349834223,10.852466755696287,2.750076677233522,497.28004890654927,214.7337912439108
official,"[27, 6]",sderf,32,5,20105.797588497484,125.25047909024204,2.061071172900396,99045.52899796811,44132.06479260272
official,"[27, 6]",sderf,64,5,5401.09138106734,330.3203100361193,1.8508609132565705,24763.68302302142,10851.342011814862
official,"[27, 6]",sderf,128,5,1621.787556881389,589.1257895783839,10.920006873286335,6283.233627438282,2620.3905368694986
official,"[27, 6]",sderf,640,1,324.6580269419066,324.6580269419066,324.6580269419066,324.6580269419066,
official,"[27, 6]",aderf,16,5,1.9450452291126077,1.0002237848050215,1.000007082576192,4.812859185652804,1.6510813498506587
official,"[27, 6]",aderf,32,5,1.3932866302528248,1.3441023935324992,1.0000243271209734,1.9528303683879735,0.4185859068592326
official,"[27, 6]",aderf,64,5,15.430536117888089,1.1672245732228013,1.0029322500245117,72.72587037337514,32.02922032913473
official,"[27, 6]",aderf,128,5,1093.243492829219,1.059670669311307,1.019004272102567,5444.161154141387,2432.2492393335438
official,"[27, 6]",aderf,640,1,217.97414464877977,217.97414464877977,217.97414464877977,217.97414464877977,
official,"[27, 6]",partition,16,1,0.6238019593806793,0.6238019593806793,0.6238019593806793,0.6238019593806793,
official,"[27, 6]",partition,32,1,0.6089825903916772,0.6089825903916772,0.6089825903916772,0.6089825903916772,
official,"[27, 6]",partition,64,1,0.5987353164804895,0.5987353164804895,0.5987353164804895,0.5987353164804895,
official,"[27, 6]",partition,128,1,0.5958018817222166,0.5958018817222166,0.5958018817222166,0.5958018817222166,
official,"[27, 6]",galerkin,16,1,0.26482831741647717,0.26482831741647717,0.26482831741647717,0.26482831741647717,
official,"[27, 6]",galerkin,32,1,0.24651721314212938,0.24651721314212938,0.24651721314212938,0.24651721314212938,
official,"[27, 6]",galerkin,64,1,0.23713885315725447,0.23713885315725447,0.23713885315725447,0.23713885315725447,
official,"[27, 6]",galerkin,128,1,0.23241967539680383,0.23241967539680383,0.23241967539680383,0.23241967539680383,
