dataset,n,head,method,seed,m,log_nmse,nmse,log_cross_over_energy,log_prediction_energy_ratio
internal,131072,"[14, 0]",favor_plus,1009,16,-8.124216939241788e-05,0.9999187611306632,-9.935908522534097,-11.07009866354443
internal,131072,"[14, 0]",favor_plus,1009,32,-8.002925165793475e-05,0.9999199739505972,-10.066267084454367,-12.215758951178154
internal,131072,"[14, 0]",favor_plus,1009,64,-7.604647141329327e-05,0.9999239564200463,-10.093334590917582,-11.918643048613768
internal,131072,"[14, 0]",favor_plus,1009,128,-7.067403838179822e-05,0.9999293284589692,-10.2193038474148,-13.005559304450589
internal,131072,"[14, 0]",favor_plus,1046,16,-4.008975992267859e-07,0.9999995991024812,-15.422449065522152,-22.991512020582306
internal,131072,"[14, 0]",favor_plus,1046,32,-5.0211015296230005e-05,0.9999497902452557,-10.520747319992985,-12.498485770967662
internal,131072,"[14, 0]",favor_plus,1046,64,0.0002783573905367,1.0002783961355501,-11.02784164734439,-8.076095985735986
internal,131072,"[14, 0]",favor_plus,1046,128,5.856966198345851e-05,1.0000585713772197,-11.556334824927475,-9.46237523666383
internal,131072,"[14, 0]",favor_plus,1083,16,-8.364611498793257e-07,0.9999991635391999,-14.686431844065993,-21.12269104138461
internal,131072,"[14, 0]",favor_plus,1083,32,-1.0291140626958486e-06,0.9999989708864668,-14.429061472585511,-16.739177776443398
internal,131072,"[14, 0]",favor_plus,1083,64,-4.22419840993921e-06,0.999995775810512,-13.062073982775608,-17.529255196294375
internal,131072,"[14, 0]",favor_plus,1083,128,-6.4560049660298724e-06,0.9999935440158739,-12.626810562301884,-16.026087263037613
internal,131072,"[14, 0]",favor_plus,1120,16,-2.0455400628753974e-05,0.9999795448085815,-9.346443754923955,-8.777939389737785
internal,131072,"[14, 0]",favor_plus,1120,32,-4.906598047698016e-05,0.9999509352232385,-10.036004170300899,-10.16422754807714
internal,131072,"[14, 0]",favor_plus,1120,64,-7.643091645268075e-05,0.9999235720043154,-10.015610435701674,-11.25322285945514
internal,131072,"[14, 0]",favor_plus,1120,128,-7.884564411530932e-05,0.9999211574641208,-10.089538017241557,-12.385047702472985
internal,131072,"[14, 0]",favor_plus,1157,16,-1.692375308445988e-05,0.9999830763901214,-11.672917854902462,-15.940823498486154
internal,131072,"[14, 0]",favor_plus,1157,32,-8.70696221163172e-06,0.9999912930756939,-12.341114281392219,-17.326376416054956
internal,131072,"[14, 0]",favor_plus,1157,64,-5.85158821195385e-06,0.9999941484289085,-12.740411953446092,-18.52686835847917
internal,131072,"[14, 0]",favor_plus,1157,128,-3.13928317527101e-05,0.999968607660997,-11.050191322903494,-14.793993527470489
internal,131072,"[14, 0]",centered_favor_plus,1009,16,4.99279405285097,147.34754570981144,-5.625042710614986,4.9860335273207
internal,131072,"[14, 0]",centered_favor_plus,1009,32,3.6468332505911554,38.35301913736797,-4.119314744991817,3.6212837428533327
internal,131072,"[14, 0]",centered_favor_plus,1009,64,2.997653438733787,20.0384602359997,-2.81114360085113,2.95275862205267
internal,131072,"[14, 0]",centered_favor_plus,1009,128,1.751892961148269,5.765506232043219,-3.246361036516449,1.577604019808378
internal,131072,"[14, 0]",centered_favor_plus,1046,16,0.005512803363232042,1.0055280268254878,-4.885827117460764,-3.8808259849731606
internal,131072,"[14, 0]",centered_favor_plus,1046,32,0.6660291932251191,1.9464928080008923,-3.81966489807351,-0.009683626989636096
internal,131072,"[14, 0]",centered_favor_plus,1046,64,0.48554283819927824,1.6250569124251628,-3.825994038514022,-0.4024938841061303
internal,131072,"[14, 0]",centered_favor_plus,1046,128,1.0859137355121085,2.9621451998109714,-2.449113610449169,0.7584129778381943
internal,131072,"[14, 0]",centered_favor_plus,1083,16,0.5610071478463607,1.7524365745271233,-5.443367141106674,-0.2730084362225007
internal,131072,"[14, 0]",centered_favor_plus,1083,32,0.19954123412634797,1.2208425487690422,-5.026261799491742,-1.4525660177510993
internal,131072,"[14, 0]",centered_favor_plus,1083,64,0.052691774062353355,1.0541046926352713,-5.295143078688874,-2.746741873437683
internal,131072,"[14, 0]",centered_favor_plus,1083,128,0.30669639638153734,1.3589283298777435,-3.6876947254726016,-0.89407043779193
internal,131072,"[14, 0]",centered_favor_plus,1120,16,2.709533883228361,15.0222717499053,-2.382929476669796,2.6537229368714694
internal,131072,"[14, 0]",centered_favor_plus,1120,32,1.494790046391134,4.458400397323461,-3.05320728386406,1.267740231731704
internal,131072,"[14, 0]",centered_favor_plus,1120,64,6.528821838073765,684.5911769167758,-2.8605961661242265,6.527527483148436
internal,131072,"[14, 0]",centered_favor_plus,1120,128,5.147476370781602,171.99688579071469,-3.0264322393693135,5.142212309068132
internal,131072,"[14, 0]",centered_favor_plus,1157,16,0.2784671222179845,1.3211031697399234,-5.16606213689321,-1.1010637938996535
internal,131072,"[14, 0]",centered_favor_plus,1157,32,0.09389323944399214,1.0984424693282602,-4.838977469603584,-2.169167090854213
internal,131072,"[14, 0]",centered_favor_plus,1157,64,0.046171811488420304,1.0472543258252487,-4.298169457409308,-2.5977461972172335
internal,131072,"[14, 0]",centered_favor_plus,1157,128,2.817678702166831,16.7379517704623,-2.846336446981491,2.7634259356427187
internal,131072,"[14, 0]",sderf,1009,16,8.34238433294408,4198.087456012545,0.34377779710431966,8.34281789605145
internal,131072,"[14, 0]",sderf,1009,32,6.961697237181628,1055.423341706212,-0.3474114969482329,6.96208850035265
internal,131072,"[14, 0]",sderf,1009,64,6.0147429539841974,409.4205854594411,-0.9416239481600677,6.0142054354476
internal,131072,"[14, 0]",sderf,1009,128,5.204121951735855,182.02097937701603,-1.597625985617082,5.200846380775509
internal,131072,"[14, 0]",sderf,1046,16,0.7435175947144791,2.10332114839994,-4.918948968947049,0.11148302006591138
internal,131072,"[14, 0]",sderf,1046,32,0.3355877764498255,1.3987623031875094,-5.600823388881331,-0.9010279441535545
internal,131072,"[14, 0]",sderf,1046,64,0.12279749672762467,1.1306554363374182,-6.2242265364383655,-2.0053204774465456
internal,131072,"[14, 0]",sderf,1046,128,5.877184870652995,356.80337889313864,-1.6615523811755146,5.875444831755274
internal,131072,"[14, 0]",sderf,1083,16,3.30808519521234,27.332738473982467,-8.578229237255975,3.2708272646396708
internal,131072,"[14, 0]",sderf,1083,32,15.23007946845745,4114712.2742979806,1.989159701213726,15.230082778228528
internal,131072,"[14, 0]",sderf,1083,64,13.843782292557808,1028675.1730763718,1.2960972566510272,13.843788426650782
internal,131072,"[14, 0]",sderf,1083,128,12.457499756195816,257171.83424579166,0.6099417678275216,12.45751017971088
internal,131072,"[14, 0]",sderf,1120,16,3.058279512232362,21.29089490833913,-7.706632254532337,3.010216596257237
internal,131072,"[14, 0]",sderf,1120,32,4.187754026474698,65.87467191783466,-6.412943481843499,4.172507847916947
internal,131072,"[14, 0]",sderf,1120,64,3.0932983748840974,22.04968629668843,-6.647752744182647,3.047008875565467
internal,131072,"[14, 0]",sderf,1120,128,10.504997226407585,36497.4336597754,-6.0331756205992555,10.504969958248303
internal,131072,"[14, 0]",sderf,1157,16,0.28481789846382644,1.3295198984601684,-8.40668856412784,-1.1087637354908395
internal,131072,"[14, 0]",sderf,1157,32,2.356610244316653,10.555111493226628,-6.486059951798104,2.2573953007221235
internal,131072,"[14, 0]",sderf,1157,64,3.055329884529341,21.22818722252367,-6.070487205761214,3.00730541156976
internal,131072,"[14, 0]",sderf,1157,128,2.15310459931237,8.611552358240253,-6.719476982879975,2.0299842840445876
internal,131072,"[14, 0]",aderf,1009,16,0.0014618279534028755,1.001462896944716,-9.514105275638466,-6.431208219893133
internal,131072,"[14, 0]",aderf,1009,32,3.765914548370835,43.20319921327168,-2.512530983543712,3.746330217147449
internal,131072,"[14, 0]",aderf,1009,64,8.841170008021122,6913.076265161077,0.3044236993704317,8.841417578693015
internal,131072,"[14, 0]",aderf,1009,128,7.4551786626873024,1728.7928384515433,-0.3801461681677605,7.455391229425857
internal,131072,"[14, 0]",aderf,1046,16,2.9763415375806073,19.615921101209306,-3.3489930917758226,2.9277831695687624
internal,131072,"[14, 0]",aderf,1046,32,11.358491296660725,85689.99014544154,1.228070868212722,11.35855932180013
internal,131072,"[14, 0]",aderf,1046,64,9.972152555194379,21421.5468195945,0.5351216242851287,9.972265300352777
internal,131072,"[14, 0]",aderf,1046,128,8.588142272302981,5367.632807280357,-0.11392898986091637,8.588288442005542
internal,131072,"[14, 0]",aderf,1083,16,0.02472909810508115,1.025037398334822,-5.790692886286108,-3.46896907627303
internal,131072,"[14, 0]",aderf,1083,32,0.727404556619391,2.069701836614006,-4.06085202358442,0.09909436910232472
internal,131072,"[14, 0]",aderf,1083,64,2.130064869432605,8.415412696781079,-4.531719692250007,2.006459070783073
internal,131072,"[14, 0]",aderf,1083,128,3.0120790335263883,20.32962198517952,-2.762953919181836,2.968146878900292
internal,131072,"[14, 0]",aderf,1120,16,2.1119601860320096,8.26442522856986,-3.6835609930531508,1.9898849091868698
internal,131072,"[14, 0]",aderf,1120,32,2.922414663828722,18.58611253287545,-3.301802584470142,2.8712878132717883
internal,131072,"[14, 0]",aderf,1120,64,9.128542652738256,9214.58333139577,-0.5035860786892634,9.128565303422004
internal,131072,"[14, 0]",aderf,1120,128,7.742637633436189,2304.5429131292276,-1.1415237570849897,7.742480828286013
internal,131072,"[14, 0]",aderf,1157,16,0.39193181284107753,1.4798368020947643,-6.121946989348459,-0.72520527050699
internal,131072,"[14, 0]",aderf,1157,32,15.53400946118827,5576151.835241165,-2.18069440480523,15.53400932236961
internal,131072,"[14, 0]",aderf,1157,64,14.147715774480572,1394038.8989668034,-2.873061230971331,14.147715138236464
internal,131072,"[14, 0]",aderf,1157,128,12.762864174862878,349012.9040522853,-2.4019938694968967,12.762861828455499
internal,131072,"[14, 6]",favor_plus,1009,16,0.1525840402821158,1.1648403514929897,-7.177140060123557,-1.79355277587217
internal,131072,"[14, 6]",favor_plus,1009,32,0.04001500304199555,1.0408263896372822,-7.866940733283557,-3.179828217301358
internal,131072,"[14, 6]",favor_plus,1009,64,0.10074614158848968,1.1059958397759357,-5.834552290361523,-2.190638571615594
internal,131072,"[14, 6]",favor_plus,1009,128,0.024543698121942823,1.0248473740342499,-6.257976319629408,-3.551638636283588
internal,131072,"[14, 6]",favor_plus,1046,16,-0.0008025591641061449,0.9991977628003622,-7.0881788682905675,-7.049784677626649
internal,131072,"[14, 6]",favor_plus,1046,32,-0.000656362023323032,0.9993438533351096,-7.72819640282135,-8.402400578139465
internal,131072,"[14, 6]",favor_plus,1046,64,7.22336779253185,1371.0988704461106,-2.840866656079365,7.2227233937023225
internal,131072,"[14, 6]",favor_plus,1046,128,5.839957317244183,343.7646675284612,-3.449608455036863,5.837229399405251
internal,131072,"[14, 6]",favor_plus,1083,16,1.6960634018630059,5.4524410193689326,-3.8987288165070506,1.5025153635152524
internal,131072,"[14, 6]",favor_plus,1083,32,0.7433436912894212,2.1029554054511346,-4.590665911538025,0.1162241366604686
internal,131072,"[14, 6]",favor_plus,1083,64,1.3549385547140387,3.8765227552658454,-5.212015933318879,1.0603647912020282
internal,131072,"[14, 6]",favor_plus,1083,128,0.8648148043083563,2.3745662858081666,-4.9648993642646815,0.3282410184446025
internal,131072,"[14, 6]",favor_plus,1120,16,1.411687709513922,4.102874023643036,-4.3891525405542815,1.1402967940701583
internal,131072,"[14, 6]",favor_plus,1120,32,0.5709314940218025,1.76991494900531,-5.049686373325601,-0.24495771346543016
internal,131072,"[14, 6]",favor_plus,1120,64,4.629957689501408,102.5097267810862,-4.781714775439726,4.620319749743311
internal,131072,"[14, 6]",favor_plus,1120,128,3.272358444773409,26.373466416860158,-5.45219969064423,3.2340418430561026
internal,131072,"[14, 6]",favor_plus,1157,16,0.007823917424300952,1.0078546042444079,-6.835523104735875,-4.604728882870829
internal,131072,"[14, 6]",favor_plus,1157,32,0.32582907464103483,1.3851785864901776,-5.015737675587953,-0.9201881636604181
internal,131072,"[14, 6]",favor_plus,1157,64,0.08884437097962941,1.0929105544913345,-5.696507490047148,-2.306333129094403
internal,131072,"[14, 6]",favor_plus,1157,128,2.027062327483239,7.591751488872631,-5.730806994596598,1.8868030081393332
internal,131072,"[14, 6]",centered_favor_plus,1009,16,5.212228618125536,183.5025599586287,-6.107297728254253,5.206788600106394
internal,131072,"[14, 6]",centered_favor_plus,1009,32,4.000697761550543,54.63625981719295,-6.47078339576687,3.9822830494356207
internal,131072,"[14, 6]",centered_favor_plus,1009,64,3.1195057864533715,22.635190260773577,-3.878103393894614,3.076231968412804
internal,131072,"[14, 6]",centered_favor_plus,1009,128,4.079349687021832,59.10701928704414,-4.081284921367059,4.062867496633077
internal,131072,"[14, 6]",centered_favor_plus,1046,16,0.05264963344322154,1.054060272946837,-7.643153845121219,-2.900078485304908
internal,131072,"[14, 6]",centered_favor_plus,1046,32,0.13886112706629364,1.1489645288489585,-5.582353085721234,-1.8547508587109238
internal,131072,"[14, 6]",centered_favor_plus,1046,64,2.619315660120951,13.726326897291877,-5.68612849526936,2.5442058683255606
internal,131072,"[14, 6]",centered_favor_plus,1046,128,7.360824740463967,1573.1334549000521,-1.2316606475471499,7.36056002042845
internal,131072,"[14, 6]",centered_favor_plus,1083,16,1.4342924703489401,4.196674686339795,-4.748894616102222,1.1675154005477832
internal,131072,"[14, 6]",centered_favor_plus,1083,32,0.5941394817527117,1.811471469823757,-5.2255328715213505,-0.19573942650302278
internal,131072,"[14, 6]",centered_favor_plus,1083,64,8.059289044175335,3163.0405526707773,-2.155445582624619,8.05904611646197
internal,131072,"[14, 6]",centered_favor_plus,1083,128,8.456931871343794,4707.592318805003,-2.2787606493826917,8.456762943150904
internal,131072,"[14, 6]",centered_favor_plus,1120,16,0.8548197780696585,2.3509506495290395,-8.0153352578981,0.30129748397748735
internal,131072,"[14, 6]",centered_favor_plus,1120,32,2.7277737851399024,15.298790685939835,-5.926675103826222,2.660547982213542
internal,131072,"[14, 6]",centered_favor_plus,1120,64,9.361379402698844,11630.420515677028,-4.336117737941274,9.361295668297752
internal,131072,"[14, 6]",centered_favor_plus,1120,128,7.9754412666372865,2908.641075229977,-4.812084950977072,7.975102997119238
internal,131072,"[14, 6]",centered_favor_plus,1157,16,6.659425183544515,780.1023925315573,-5.132193241699499,6.658157632980055
internal,131072,"[14, 6]",centered_favor_plus,1157,32,5.285776446122043,197.5074778432824,-5.2787904248902375,5.280752376534741
internal,131072,"[14, 6]",centered_favor_plus,1157,64,3.923481972973118,50.57624365045961,-5.617544267091848,3.9036583340407436
internal,131072,"[14, 6]",centered_favor_plus,1157,128,3.020036988253294,20.492049635297633,-4.86458409608646,2.9707979667813387
internal,131072,"[14, 6]",sderf,1009,16,7.976688884683807,2912.2722129917825,-4.924876033078812,7.9763504412117054
internal,131072,"[14, 6]",sderf,1009,32,6.798010379088784,896.0626918311391,-5.214614902792109,6.796905910298639
internal,131072,"[14, 6]",sderf,1009,64,5.732284261009178,308.67355464978783,-5.576447688513573,5.7290639435314485
internal,131072,"[14, 6]",sderf,1009,128,10.93399032372324,56049.48967956863,-4.992770796657428,10.933972724365619
internal,131072,"[14, 6]",sderf,1046,16,7.629354904236846,2057.722163736645,-6.966227579175941,7.628869729047301
internal,131072,"[14, 6]",sderf,1046,32,6.732899868830796,839.5784065081577,-3.77376075439493,6.731762855987446
internal,131072,"[14, 6]",sderf,1046,64,5.622685517992994,276.63128488676983,-3.951708413573046,5.6192035135121525
internal,131072,"[14, 6]",sderf,1046,128,5.789179144208093,326.74470398212407,-4.462862148971984,5.786184742889523
internal,131072,"[14, 6]",sderf,1083,16,3.2710102258770983,26.33793316975571,-8.412325781980657,3.2323201395000662
internal,131072,"[14, 6]",sderf,1083,32,2.607369114754661,13.563320331652639,-7.611872493958726,2.5308602090052386
internal,131072,"[14, 6]",sderf,1083,64,2.3155179265081727,10.130168242945098,-4.375958430727321,2.214335175795311
internal,131072,"[14, 6]",sderf,1083,128,2.2415947422911615,9.408323181027834,-4.968221311831536,2.1308751372926817
internal,131072,"[14, 6]",sderf,1120,16,5.079791762095972,160.74058016176141,-4.048860535409867,5.073769483609274
internal,131072,"[14, 6]",sderf,1120,32,13.463242618818773,703091.7109438835,-1.0405665702687408,13.46324220138945
internal,131072,"[14, 6]",sderf,1120,64,12.076957180558507,175774.49614012815,-1.730889029392534,12.076953506831872
internal,131072,"[14, 6]",sderf,1120,128,10.690856642373229,43952.14214267564,-2.377624508957071,10.690838111623128
internal,131072,"[14, 6]",sderf,1157,16,5.093215090751455,162.91280039375872,-3.8756173895379096,5.087314094482712
internal,131072,"[14, 6]",sderf,1157,32,8.329647140603964,4144.954707975738,-4.345826214740326,8.329412109596005
internal,131072,"[14, 6]",sderf,1157,64,7.600323538311844,1998.8424926246491,-3.7283382565258147,7.599847181983774
internal,131072,"[14, 6]",sderf,1157,128,8.759737413165915,6372.438039946167,-2.042176768662385,8.759621201588585
internal,131072,"[14, 6]",aderf,1009,16,1.6250335595701388,5.078589469599757,-6.562186974390599,1.4064437554363973
internal,131072,"[14, 6]",aderf,1009,32,5.195624384551217,180.48079704503004,-3.5371932617618427,5.190392380966278
internal,131072,"[14, 6]",aderf,1009,64,4.374958910555334,79.43657548042965,-2.301864668641562,4.364838761047368
internal,131072,"[14, 6]",aderf,1009,128,7.42341471227324,1674.7425187156337,-1.8132443531855582,7.4230123295404145
internal,131072,"[14, 6]",aderf,1046,16,0.4678481863712555,1.5965550054790463,-4.34722529904939,-0.47410747018747124
internal,131072,"[14, 6]",aderf,1046,32,3.7181603760110717,41.18855292034323,-4.573159958668217,3.6940959117512353
internal,131072,"[14, 6]",aderf,1046,64,2.8550189874153546,17.374767106444025,-4.746324681063154,2.79680159839325
internal,131072,"[14, 6]",aderf,1046,128,5.419625425785586,225.79452985127153,-2.4422561072255267,5.415960208862499
internal,131072,"[14, 6]",aderf,1083,16,5.507382081587464,246.50495176754885,-3.108201020747982,5.503681045740544
internal,131072,"[14, 6]",aderf,1083,32,4.264782557460013,71.1494473746995,-3.019988258074381,4.252018328079616
internal,131072,"[14, 6]",aderf,1083,64,3.565299498557732,35.35003910472719,-3.274218805053021,3.5388043065808237
internal,131072,"[14, 6]",aderf,1083,128,4.469028664275673,87.27191150451043,-1.6573167362045371,4.46191407515183
internal,131072,"[14, 6]",aderf,1120,16,7.9313785645399655,2783.261066032369,-0.9183386649791139,7.931306115722018
internal,131072,"[14, 6]",aderf,1120,32,6.552512717353538,701.00338606176,-1.3781923286239781,6.551805006024738
internal,131072,"[14, 6]",aderf,1120,64,10.909040322790235,54668.35614708275,0.16029513341663382,10.909064975039025
internal,131072,"[14, 6]",aderf,1120,128,9.556188541067636,14131.880339048703,-0.5129983603484547,9.556202509072117
internal,131072,"[14, 6]",aderf,1157,16,6.533162196237546,687.5690055669361,-3.170232125348873,6.531829060196101
internal,131072,"[14, 6]",aderf,1157,32,5.151368312657321,172.66759200119978,-3.8342690998304523,5.145811819302525
internal,131072,"[14, 6]",aderf,1157,64,3.810782875696484,45.18579988742871,-4.01296142160103,3.7892214855176736
internal,131072,"[14, 6]",aderf,1157,128,3.1504849194638167,23.347383437011906,-3.6552281516461758,3.1090205398583475
internal,131072,"[27, 0]",favor_plus,1009,16,-1.7436369675812978e-09,0.999999998256363,-20.8159711625191,-23.257945364829528
internal,131072,"[27, 0]",favor_plus,1009,32,-4.821734673649102e-08,0.9999999517826544,-15.878937724383713,-15.396271233406026
internal,131072,"[27, 0]",favor_plus,1009,64,0.00014425904217142004,1.0001442694480074,-12.97757799438277,-8.812285223452925
internal,131072,"[27, 0]",favor_plus,1009,128,0.013061000100662794,1.013146667523587,-9.023408143590721,-4.313413179392697
internal,131072,"[27, 0]",favor_plus,1046,16,6.367713624222779e-07,1.0000006367715653,-16.509774675618033,-14.074338578993999
internal,131072,"[27, 0]",favor_plus,1046,32,0.1653000459486459,1.17974704393278,-10.923447338750325,-1.7160041275615239
internal,131072,"[27, 0]",favor_plus,1046,64,0.04394705469567184,1.0449270294442707,-11.527635715657068,-3.102277103733263
internal,131072,"[27, 0]",favor_plus,1046,128,0.011170792870195984,1.0112334191547119,-11.901192310488288,-4.487655294596115
internal,131072,"[27, 0]",favor_plus,1083,16,0.0007059557242939731,1.0007062049696849,-13.096367311653738,-7.249808616756519
internal,131072,"[27, 0]",favor_plus,1083,32,0.018621901716352918,1.0187963706264047,-8.075565538181436,-3.9415308488748195
internal,131072,"[27, 0]",favor_plus,1083,64,0.004530300806791883,1.0045405781334247,-8.758840766552893,-5.3278056448617
internal,131072,"[27, 0]",favor_plus,1083,128,0.0010559755431242173,1.0010565332816002,-9.45064552770484,-6.713990403806479
internal,131072,"[27, 0]",favor_plus,1120,16,6.140913350592723e-05,1.0000614110190853,-12.170019089039545,-9.54193068593464
internal,131072,"[27, 0]",favor_plus,1120,32,9.860648875579724e-06,1.0000098606974919,-12.339272657315632,-10.8916181930015
internal,131072,"[27, 0]",favor_plus,1120,64,-2.900455066115166e-07,0.9999997099545355,-12.887709770183896,-12.253617753607601
internal,131072,"[27, 0]",favor_plus,1120,128,-9.665754505853475e-07,0.9999990334250165,-13.390574657970788,-13.077194156827586
internal,131072,"[27, 0]",favor_plus,1157,16,-2.507923870852848e-08,0.9999999749207616,-17.144508421278957,-16.88212147566786
internal,131072,"[27, 0]",favor_plus,1157,32,-1.0387087551316636e-07,0.9999998961291299,-16.61902953346077,-17.87128679106794
internal,131072,"[27, 0]",favor_plus,1157,64,0.022379661870587514,1.0226319651418838,-10.691067878314037,-3.7863838182996687
internal,131072,"[27, 0]",favor_plus,1157,128,0.005630144932736467,1.0056460239851868,-11.354253447410056,-5.1726608649760735
internal,131072,"[27, 0]",centered_favor_plus,1009,16,2.5392073776283857,12.669624761908617,-5.85678446814652,2.4574794061417435
internal,131072,"[27, 0]",centered_favor_plus,1009,32,1.5190403194983715,4.5678394245791765,-5.437916185455773,1.2743948727177123
internal,131072,"[27, 0]",centered_favor_plus,1009,64,9.121269476431456,9147.807173982066,-1.4200840081309707,9.12121300091173
internal,131072,"[27, 0]",centered_favor_plus,1009,128,7.9271111336496025,2771.4089987088046,-1.9313183779867558,7.9268548823869125
internal,131072,"[27, 0]",centered_favor_plus,1046,16,0.1836313386334562,1.201572767974023,-6.104304953641895,-1.5796886718391026
internal,131072,"[27, 0]",centered_favor_plus,1046,32,5.9065081242944615,367.4209245818741,-4.210662861732667,5.903863717269406
internal,131072,"[27, 0]",centered_favor_plus,1046,64,6.6434615970715925,767.7480328355899,-3.4317284918325868,6.6422425666587515
internal,131072,"[27, 0]",centered_favor_plus,1046,128,5.453059661079568,233.47141760664599,-2.6896552560363585,5.4493513070849815
internal,131072,"[27, 0]",centered_favor_plus,1083,16,6.719787257229293,828.6412053022643,-4.52851649932691,6.718605823447454
internal,131072,"[27, 0]",centered_favor_plus,1083,32,5.337457683981349,207.98327836242942,-4.900832882564789,5.332709900131512
internal,131072,"[27, 0]",centered_favor_plus,1083,64,3.9852253842620873,53.79741320186684,-3.220043189037229,3.9679745109613656
internal,131072,"[27, 0]",centered_favor_plus,1083,128,2.8007284336102067,16.456629968465084,-3.6829310524272287,2.7412869095339225
internal,131072,"[27, 0]",centered_favor_plus,1120,16,9.815416422476064,18313.914818274887,-1.400016253668161,9.815388748376552
internal,131072,"[27, 0]",centered_favor_plus,1120,32,8.429297140738568,4579.280371968292,-2.0703642495579757,8.42913384403316
internal,131072,"[27, 0]",centered_favor_plus,1120,64,7.045203351093414,1147.3421253709244,-2.5976498529921486,7.044461271517676
internal,131072,"[27, 0]",centered_favor_plus,1120,128,5.692932344006844,296.76255591156126,-3.0030573293921528,5.689892541561115
internal,131072,"[27, 0]",centered_favor_plus,1157,16,5.073626373390825,159.75260077244602,-3.4022890517134403,5.067766414939285
internal,131072,"[27, 0]",centered_favor_plus,1157,32,3.8640600530885303,47.65845495542296,-3.872086356826273,3.843745979426984
internal,131072,"[27, 0]",centered_favor_plus,1157,64,4.34027102587594,76.72833188386763,-2.770359438350935,4.328805309871619
internal,131072,"[27, 0]",centered_favor_plus,1157,128,3.1407541794976064,23.121297893660834,-3.245049590493773,3.100057655734844
internal,131072,"[27, 0]",sderf,1009,16,6.340365362015315,567.0034350594534,-2.9367366723004427,6.338787543793021
internal,131072,"[27, 0]",sderf,1009,32,7.049366559498088,1152.1287066043774,-2.344143320843573,7.048664880196711
internal,131072,"[27, 0]",sderf,1009,64,7.513872390204947,1833.2990643498574,-0.7779677218546457,7.513828030465117
internal,131072,"[27, 0]",sderf,1009,128,6.795759226767007,894.0477870017172,-1.2364386152248983,6.7952902753636835
internal,131072,"[27, 0]",sderf,1046,16,8.10497632624671,3310.90328279655,-0.3063723664418081,8.105118943296041
internal,131072,"[27, 0]",sderf,1046,32,6.722671296430823,831.0344885247956,-0.9829421927368802,6.722368515830972
internal,131072,"[27, 0]",sderf,1046,64,5.531668188156039,252.56488554422845,-1.4177719668559412,5.529625067800065
internal,131072,"[27, 0]",sderf,1046,128,8.51040311817551,4966.164636094342,-1.673901282892869,8.5102772642839
internal,131072,"[27, 0]",sderf,1083,16,8.849675028296431,6972.122859271745,-3.0512573250333155,8.849545159678414
internal,131072,"[27, 0]",sderf,1083,32,7.465087095644457,1746.0076112582021,-3.6904029685999706,7.464542805520189
internal,131072,"[27, 0]",sderf,1083,64,8.333611052314549,4161.417549551624,-0.15076339746908474,8.333784079900504
internal,131072,"[27, 0]",sderf,1083,128,6.98679914048013,1082.2517902140196,-0.7318596240165114,6.986764053118847
internal,131072,"[27, 0]",sderf,1120,16,5.824374667887877,338.4494235975529,-4.2820954745859225,5.821497510870522
internal,131072,"[27, 0]",sderf,1120,32,4.4908697053680084,89.19898899348789,-4.831053285318818,4.479776395605011
internal,131072,"[27, 0]",sderf,1120,64,3.6235533730119425,37.470478127982304,-4.575819381972817,3.5970676784523015
internal,131072,"[27, 0]",sderf,1120,128,5.554468047352768,258.3894769890865,-2.9799794942593145,5.550985019462612
internal,131072,"[27, 0]",sderf,1157,16,4.310277913405123,74.46117982510985,-2.1418036987627698,4.299949411961585
internal,131072,"[27, 0]",sderf,1157,32,5.313501142316358,203.0599269884259,-2.522313073358612,5.309358559690228
internal,131072,"[27, 0]",sderf,1157,64,4.451273752412016,85.73608102067145,-2.656355130207741,4.441197120910736
internal,131072,"[27, 0]",sderf,1157,128,10.517135567250742,36943.1516150338,-0.4653184696972801,10.517142493278783
internal,131072,"[27, 0]",aderf,1009,16,5.607610867541452,272.49243916679086,-4.392613934052916,5.60402540028462
internal,131072,"[27, 0]",aderf,1009,32,4.2330587058158615,68.92773974779675,-5.05375823393336,4.2186324741783885
internal,131072,"[27, 0]",aderf,1009,64,2.9967863772322847,20.021093188816717,-5.682358688290766,2.9459065450088566
internal,131072,"[27, 0]",aderf,1009,128,1.779021731975616,5.924058266203597,-6.1393978185585105,1.5950084485504465
internal,131072,"[27, 0]",aderf,1046,16,2.735462383748472,15.416870298407938,-5.884153474285719,2.6687850982308063
internal,131072,"[27, 0]",aderf,1046,32,1.5870430010036833,4.889269965357003,-6.179909529440368,1.3592856874297947
internal,131072,"[27, 0]",aderf,1046,64,0.741229621754168,2.098514307543415,-6.824376427844584,0.09593563379599246
internal,131072,"[27, 0]",aderf,1046,128,2.618709788257112,13.718013020857178,-6.07083095170911,2.5433824176413715
internal,131072,"[27, 0]",aderf,1083,16,7.60479074400229,2007.7917072908638,-5.592395304343041,7.604296273771535
internal,131072,"[27, 0]",aderf,1083,32,6.219994152994318,502.70029272017825,-6.268933112496894,6.218010466233061
internal,131072,"[27, 0]",aderf,1083,64,4.9766657685952875,144.99014413030778,-6.560668597882406,4.969764506781797
internal,131072,"[27, 0]",aderf,1083,128,3.64521161148568,38.29087478319771,-5.9930129990732475,3.6188825174792676
internal,131072,"[27, 0]",aderf,1120,16,7.313353912436217,1500.2003013912313,-6.016461188836046,7.312690365291672
internal,131072,"[27, 0]",aderf,1120,32,5.929095795985545,375.81454712607314,-6.671725249193395,5.926438119098517
internal,131072,"[27, 0]",aderf,1120,64,4.854889345272907,128.36648607031742,-5.79256708995559,4.847116542233415
internal,131072,"[27, 0]",aderf,1120,128,3.5139627797330135,33.581078878378975,-6.075624195402654,3.4838727838534673
internal,131072,"[27, 0]",aderf,1157,16,6.724163577491283,832.275551329559,-2.7075009127326197,6.7231218012630904
internal,131072,"[27, 0]",aderf,1157,32,5.348712848426546,210.33738745347793,-3.3983677820622926,5.344266561016525
internal,131072,"[27, 0]",aderf,1157,64,3.976523774497373,53.33131992769367,-4.087994719927888,3.9582358625431127
internal,131072,"[27, 0]",aderf,1157,128,2.827649092280141,16.905670400006173,-4.675375321108861,2.7678471519578114
internal,131072,"[27, 6]",favor_plus,1009,16,0.0006797392984517485,1.0006799703735627,-12.12327065641449,-7.277611515150045
internal,131072,"[27, 6]",favor_plus,1009,32,0.00016741016863701174,1.0001674241825014,-12.726477449469808,-8.660099927980857
internal,131072,"[27, 6]",favor_plus,1009,64,0.003929677988323891,1.0039374092967368,-10.132882671120576,-5.517242146558839
internal,131072,"[27, 6]",favor_plus,1009,128,0.0012862595649049992,1.0012870871515316,-10.721783986355536,-6.621670422870103
internal,131072,"[27, 6]",favor_plus,1046,16,-2.496154574972757e-08,0.9999999750384546,-18.137857070886334,-20.268453181585627
internal,131072,"[27, 6]",favor_plus,1046,32,-2.322025281465103e-08,0.9999999767797475,-18.240931436123837,-21.05442229435263
internal,131072,"[27, 6]",favor_plus,1046,64,6.194565364063468e-06,1.0000061945845504,-15.168571056123916,-11.91169096235715
internal,131072,"[27, 6]",favor_plus,1046,128,0.05005748758316109,1.051331533147767,-9.361581625104531,-2.9661062657200414
internal,131072,"[27, 6]",favor_plus,1083,16,-2.6359514624316347e-08,0.9999999736404858,-18.124505665387773,-21.349507867835086
internal,131072,"[27, 6]",favor_plus,1083,32,-1.6273542569929967e-08,0.9999999837264576,-18.617484695724514,-22.597383067145127
internal,131072,"[27, 6]",favor_plus,1083,64,1.0634111903109341e-07,1.0000001063411248,-16.10271366129477,-14.988497407517166
internal,131072,"[27, 6]",favor_plus,1083,128,0.006871304906857439,1.006894966486682,-10.132921793239035,-4.965499683805998
internal,131072,"[27, 6]",favor_plus,1120,16,5.108787418937409e-06,1.000005108800469,-12.334961321782234,-11.18365634536965
internal,131072,"[27, 6]",favor_plus,1120,32,-2.1712497057653924e-06,0.9999978287526514,-12.655848847477724,-12.378888803700352
internal,131072,"[27, 6]",favor_plus,1120,64,0.06259086527511087,1.0645911888943544,-11.098081182125563,-2.739208545814053
internal,131072,"[27, 6]",favor_plus,1120,128,0.0160115714478824,1.0161404435542492,-11.78875138540995,-4.125487150273342
internal,131072,"[27, 6]",favor_plus,1157,16,-9.312438022815891e-07,0.9999990687566314,-13.97281388247175,-14.066994014824008
internal,131072,"[27, 6]",favor_plus,1157,32,-6.773350928102247e-07,0.9999993226651366,-14.645593230975308,-15.451849001050586
internal,131072,"[27, 6]",favor_plus,1157,64,-6.449964743119441e-07,0.9999993550037337,-14.861447094939791,-16.66750729794378
internal,131072,"[27, 6]",favor_plus,1157,128,-5.562161968054359e-07,0.9999994437839579,-14.729461564847734,-15.21932579996275
internal,131072,"[27, 6]",centered_favor_plus,1009,16,7.936749947478989,2798.251250005452,-0.7646072822849508,7.936725300862136
internal,131072,"[27, 6]",centered_favor_plus,1009,32,6.590391661858718,728.0659697347941,-1.436229729546607,6.589671200416856
internal,131072,"[27, 6]",centered_favor_plus,1009,64,5.29159771751126,198.6605754640332,-1.7888904341409955,5.288241103669556
internal,131072,"[27, 6]",centered_favor_plus,1009,128,4.550229475463273,94.65412662247682,-1.8557885494690574,4.542941377950431
internal,131072,"[27, 6]",centered_favor_plus,1046,16,2.5322599311376885,12.581908277426631,-4.879304567023562,2.4507561770982704
internal,131072,"[27, 6]",centered_favor_plus,1046,32,1.8366171457392233,6.275273977007606,-3.9349044649667313,1.6704143049252043
internal,131072,"[27, 6]",centered_favor_plus,1046,64,8.644308717969404,5677.740980865524,-0.7008101611725017,8.644307373473417
internal,131072,"[27, 6]",centered_favor_plus,1046,128,7.567200439305892,1933.7191326046109,-0.4867019967372457,7.56731901224072
internal,131072,"[27, 6]",centered_favor_plus,1083,16,4.488636557615113,89.00001672158616,-2.0199793599919484,4.480347427212141
internal,131072,"[27, 6]",centered_favor_plus,1083,32,3.145851431169392,23.239453847492783,-2.6850991486711653,3.107983714022968
internal,131072,"[27, 6]",centered_favor_plus,1083,64,3.0378383559550604,20.86010234738865,-2.5798271615190203,2.99631593074427
internal,131072,"[27, 6]",centered_favor_plus,1083,128,3.6731740671462574,39.37669198012006,-2.9315686437581903,3.6502248659942964
internal,131072,"[27, 6]",centered_favor_plus,1120,16,2.016456957543581,7.5116635874028646,-4.565964575561111,1.8767840962412237
internal,131072,"[27, 6]",centered_favor_plus,1120,32,1.4572022946271754,4.293929558240291,-3.9110734855778126,1.2041630533489744
internal,131072,"[27, 6]",centered_favor_plus,1120,64,8.759952141456004,6373.806529591648,-2.455214944375376,8.759822177620531
internal,131072,"[27, 6]",centered_favor_plus,1120,128,7.484653110000895,1780.5064227790779,-2.183066484784037,7.4842179654302825
internal,131072,"[27, 6]",centered_favor_plus,1157,16,1.4216224235948622,4.143838049999181,-4.804217145989178,1.1506442649145274
internal,131072,"[27, 6]",centered_favor_plus,1157,32,0.713699363055749,2.041529665820099,-4.988816251081426,0.05368968166034982
internal,131072,"[27, 6]",centered_favor_plus,1157,64,5.415378635185945,224.83766101335382,-2.773474564299855,5.411478851860608
internal,131072,"[27, 6]",centered_favor_plus,1157,128,4.29354016034258,73.22523927250856,-3.247636128239437,4.280865224025966
internal,131072,"[27, 6]",sderf,1009,16,7.005441308713571,1102.6165419445233,-3.9022892035690617,7.004570628357193
internal,131072,"[27, 6]",sderf,1009,32,6.9392167039624075,1031.9615668900371,-2.4059014317392897,6.9384221420665995
internal,131072,"[27, 6]",sderf,1009,64,8.598247826369853,5422.150713694189,-0.9314955802740545,8.59820871347365
internal,131072,"[27, 6]",sderf,1009,128,7.216153615317263,1361.243113549083,-1.5518899495128728,7.215730158556511
internal,131072,"[27, 6]",sderf,1046,16,6.705803089894173,817.1339949298685,-3.4395051595225397,6.704657163770655
internal,131072,"[27, 6]",sderf,1046,32,8.073923572821771,3209.6705319087832,-1.8960541113848368,8.07370555781566
internal,131072,"[27, 6]",sderf,1046,64,6.68999201180091,804.3158270833612,-2.5618904727392646,6.688940027742177
internal,131072,"[27, 6]",sderf,1046,128,6.9444461203704115,1037.3722586901824,-0.40906866562843547,6.944762771621491
internal,131072,"[27, 6]",sderf,1083,16,4.38352134651424,80.11966635831051,-4.207602827888948,4.371337589320312
internal,131072,"[27, 6]",sderf,1083,32,3.5687221728456526,35.471238068619215,-4.4164691389657325,3.5408257402110337
internal,131072,"[27, 6]",sderf,1083,64,2.7036631669206206,14.934338621941384,-3.9483207045162203,2.637120651785459
internal,131072,"[27, 6]",sderf,1083,128,2.8733966617446645,17.697027042020906,-2.8764138051756447,2.8219560954397878
internal,131072,"[27, 6]",sderf,1120,16,8.553239424550108,5183.518877236986,-4.621489643649131,8.553050283451903
internal,131072,"[27, 6]",sderf,1120,32,7.169338996541209,1298.9856849307992,-4.850077119313486,7.1685809299896235
internal,131072,"[27, 6]",sderf,1120,64,5.901745171299243,365.6750769841365,-4.642211384281243,5.8990596047218276
internal,131072,"[27, 6]",sderf,1120,128,10.114993145894928,24710.73752820867,-1.546221036007008,10.114969921030582
internal,131072,"[27, 6]",sderf,1157,16,4.905702705361689,135.05778249710136,-4.603582539128663,4.8984203349545545
internal,131072,"[27, 6]",sderf,1157,32,15.501081139566017,5395528.643599014,2.1692893735119974,15.501084198413558
internal,131072,"[27, 6]",sderf,1157,64,14.114836670246813,1348949.4607385164,1.4868874050194822,14.114842487061768
internal,131072,"[27, 6]",sderf,1157,128,12.728690251398078,337287.26053707785,0.8018172249180306,12.728700507225955
internal,131072,"[27, 6]",aderf,1009,16,6.628444980367189,756.3051863489695,-7.355221849361058,6.627123580583898
internal,131072,"[27, 6]",aderf,1009,32,5.246400042180324,189.88147129034968,-7.797489269653301,5.241124031735563
internal,131072,"[27, 6]",aderf,1009,64,3.983278075818684,53.69275497889831,-6.473193451959342,3.964536582444328
internal,131072,"[27, 6]",aderf,1009,128,2.6515380236082278,14.17582464035687,-7.142141758752683,2.578503753449464
internal,131072,"[27, 6]",aderf,1046,16,4.2246133885671595,68.34807429302683,-6.160695672639129,4.209936990793839
internal,131072,"[27, 6]",aderf,1046,32,2.8812191429674283,17.83600456962299,-6.852352765680846,2.8236452746366894
internal,131072,"[27, 6]",aderf,1046,64,1.6532192268868298,5.223769286678718,-7.499609653924545,1.4409898845887668
internal,131072,"[27, 6]",aderf,1046,128,1.2541998727006587,3.50503277966372,-7.859702394667601,0.9186099432698818
internal,131072,"[27, 6]",aderf,1083,16,9.59005518973719e-05,1.0000959051505023,-13.479275363506996,-9.223380152954244
internal,131072,"[27, 6]",aderf,1083,32,2.9291908522005635e-05,1.0000292923375342,-13.661699223839241,-10.361566430839313
internal,131072,"[27, 6]",aderf,1083,64,0.046819965292321845,1.0479333277252458,-9.736675818674458,-3.0354823239483686
internal,131072,"[27, 6]",aderf,1083,128,0.16683877970057504,1.181563757889106,-9.761145494573181,-1.705513582731248
internal,131072,"[27, 6]",aderf,1120,16,0.003431032077654078,1.0034369248056654,-10.788533517152233,-5.661241991691982
internal,131072,"[27, 6]",aderf,1120,32,0.0022019026527651123,1.002204328620666,-11.418829718511699,-6.107413402195242
internal,131072,"[27, 6]",aderf,1120,64,0.038054784880987166,1.0387881412043123,-10.348706069022567,-3.2479903278430378
internal,131072,"[27, 6]",aderf,1120,128,0.08666905525470972,1.0905357129277962,-7.528830417684579,-2.3902099778340524
internal,131072,"[27, 6]",aderf,1157,16,0.0164352317744219,1.0165710331517996,-12.717383567080804,-4.09973726228341
internal,131072,"[27, 6]",aderf,1157,32,5.994739213179381,401.3120134590984,-6.338587132034398,5.992253103746826
internal,131072,"[27, 6]",aderf,1157,64,4.615910922692602,101.0798625487407,-7.0223408181301785,4.605986313066314
internal,131072,"[27, 6]",aderf,1157,128,3.3042445296848926,27.227963898396613,-7.384087935621325,3.266873523199319
official,10240,"[14, 0]",favor_plus,1009,16,-7.34041657631956e-05,0.9999265985282567,-10.020934327184731,-11.07355425158061
official,10240,"[14, 0]",favor_plus,1009,32,-7.487016882112782e-05,0.99992513263388,-10.133499864188494,-12.292716976968636
official,10240,"[14, 0]",favor_plus,1009,64,-7.8048019541767e-05,0.9999219550261257,-10.126656146212703,-13.146132251366028
official,10240,"[14, 0]",favor_plus,1009,128,-7.33231492762297e-05,0.9999266795388002,-10.10580746957283,-11.69170583718472
official,10240,"[14, 0]",favor_plus,1046,16,-3.1092732886017105e-07,0.9999996890727195,-15.6768207843818,-25.297465246056653
official,10240,"[14, 0]",favor_plus,1046,32,-3.196577496974393e-05,0.9999680347359302,-11.03839101288457,-15.530024518844366
official,10240,"[14, 0]",favor_plus,1046,64,-1.9048771001453424e-05,0.9999809514104252,-11.558451290068042,-16.607339914940518
official,10240,"[14, 0]",favor_plus,1046,128,-1.174781612733069e-05,0.999988252252878,-12.043664020339904,-17.972083723926673
official,10240,"[14, 0]",favor_plus,1083,16,-9.986362609245524e-07,0.9999990013642377,-14.509321996134384,-21.079654146892576
official,10240,"[14, 0]",favor_plus,1083,32,-1.1307587358527624e-06,0.9999988692419035,-14.382357084900114,-19.371265590882153
official,10240,"[14, 0]",favor_plus,1083,64,-3.0044817054935096e-06,0.999996995522808,-13.407849238828579,-19.972471944859805
official,10240,"[14, 0]",favor_plus,1083,128,-1.091349231376215e-05,0.9999890865672382,-12.10718496535813,-15.8870615676153
official,10240,"[14, 0]",favor_plus,1120,16,-8.881147823046944e-05,0.9999111924653921,-10.009424162264338,-13.6839281879538
official,10240,"[14, 0]",favor_plus,1120,32,-4.498619252843859e-05,0.9999550148193351,-10.69600417285541,-15.069980629506032
official,10240,"[14, 0]",favor_plus,1120,64,-5.4028388954774034e-05,0.9999459730705523,-10.512802020546651,-14.878508618148885
official,10240,"[14, 0]",favor_plus,1120,128,-6.557231361220043e-05,0.999934429836205,-10.315260506871796,-14.2051466540722
official,10240,"[14, 0]",favor_plus,1157,16,-1.018543342645299e-05,0.9999898146184449,-12.185483287899661,-17.60327148420112
official,10240,"[14, 0]",favor_plus,1157,32,-5.244863960858756e-06,0.9999947551497934,-12.850329863572139,-18.987413642587263
official,10240,"[14, 0]",favor_plus,1157,64,-3.5717646686095694e-06,0.9999964282417101,-13.234882174903245,-19.781732548446122
official,10240,"[14, 0]",favor_plus,1157,128,-2.703290255936815e-05,0.9999729674628263,-11.207685178950655,-16.05527832750889
official,10240,"[14, 0]",centered_favor_plus,1009,16,0.01489493168643336,1.0150064140008386,-5.993809156192159,-3.912287806101613
official,10240,"[14, 0]",centered_favor_plus,1009,32,0.12485576359214903,1.1329850235909176,-4.130043526363582,-1.8009048740000617
official,10240,"[14, 0]",centered_favor_plus,1009,64,0.28788502698293866,1.333603966837096,-3.1754234233238474,-0.8742931343209905
official,10240,"[14, 0]",centered_favor_plus,1009,128,0.054765838223506565,1.0562932422119424,-3.606386510658287,-2.2019003573395235
official,10240,"[14, 0]",centered_favor_plus,1046,16,-0.0052410277455752444,0.9947726824779949,-5.213748876003699,-5.175187540911063
official,10240,"[14, 0]",centered_favor_plus,1046,32,0.4139769586962707,1.5128222690854212,-3.9926877260425044,-0.5983418799709082
official,10240,"[14, 0]",centered_favor_plus,1046,64,0.11528705965190843,1.1221955283978415,-4.064010851015389,-1.8543448445975574
official,10240,"[14, 0]",centered_favor_plus,1046,128,1.5850137737794296,4.879358585258796,-2.404639006873384,1.4011718303717018
official,10240,"[14, 0]",centered_favor_plus,1083,16,0.2323648764108945,1.2615799656283624,-5.233369177122585,-1.3010308331159628
official,10240,"[14, 0]",centered_favor_plus,1083,32,0.06902569924780946,1.0714637446068158,-4.941826525803297,-2.4563561721739013
official,10240,"[14, 0]",centered_favor_plus,1083,64,0.012508783596605469,1.0125873456603451,-5.347522390355498,-3.8118517073261984
official,10240,"[14, 0]",centered_favor_plus,1083,128,0.04565673418372256,1.0467150477866316,-3.902345644054555,-2.440652227134686
official,10240,"[14, 0]",centered_favor_plus,1120,16,1.129924286392689,3.095422125676871,-2.984577605444005,0.7868851419016742
official,10240,"[14, 0]",centered_favor_plus,1120,32,0.40380915960785485,1.4975181327388611,-3.654247365790299,-0.5991468202788681
official,10240,"[14, 0]",centered_favor_plus,1120,64,1.92989699096437,6.8888005963259085,-3.172223824398637,1.7871858900834123
official,10240,"[14, 0]",centered_favor_plus,1120,128,0.9085255951344604,2.4806623351241526,-3.2187074237451947,0.44511893793263013
official,10240,"[14, 0]",centered_favor_plus,1157,16,-0.00045983446251213374,0.999540271245151,-5.88911080995002,-5.282611833901473
official,10240,"[14, 0]",centered_favor_plus,1157,32,-0.006053468063748655,0.9939648172589067,-5.2516632724171695,-5.416557702996368
official,10240,"[14, 0]",centered_favor_plus,1157,64,-0.003595117468925723,0.9964113372284333,-4.692659024831784,-4.217467283751796
official,10240,"[14, 0]",centered_favor_plus,1157,128,0.16055415386822008,1.1741613567983353,-3.266537411490839,-1.384544419604282
official,10240,"[14, 0]",sderf,1009,16,5.530817300291949,252.35007255206827,-0.7082090427757777,5.530758059403414
official,10240,"[14, 0]",sderf,1009,32,4.152464686302898,63.59053803876574,-1.3980627043721263,4.14447808328973
official,10240,"[14, 0]",sderf,1009,64,2.811632314551734,16.637052970198194,-1.9643657808509936,2.7674218078802717
official,10240,"[14, 0]",sderf,1009,128,1.6349533534481562,5.1292187310792805,-2.607916902714198,1.4531570146336072
official,10240,"[14, 0]",sderf,1046,16,0.0770515104081453,1.0800977112336438,-5.487630349981199,-2.426188945731024
official,10240,"[14, 0]",sderf,1046,32,0.018694599714997047,1.018870437775809,-6.164039996053411,-3.7688793198404547
official,10240,"[14, 0]",sderf,1046,64,0.007948254863059057,1.0079799260954776,-6.731389404310072,-4.569255418167561
official,10240,"[14, 0]",sderf,1046,128,2.8111915662621496,16.629721833269567,-2.2479645291273656,2.762598346298045
official,10240,"[14, 0]",sderf,1083,16,0.006063833895879667,1.0060822561543192,-10.134949473374238,-5.0894198587659325
official,10240,"[14, 0]",sderf,1083,32,6.054939176078472,426.2129807212998,-0.90834937211023,6.054484789138467
official,10240,"[14, 0]",sderf,1083,64,4.673905858573905,107.1153036612497,-1.5967402614046442,4.6683366579025325
official,10240,"[14, 0]",sderf,1083,128,3.8619071567825314,47.555961612157596,-2.0017750385726316,3.8464418535606377
official,10240,"[14, 0]",sderf,1120,16,2.8329382483940857,16.9953240169446,-6.697962051760943,2.7724506416405426
official,10240,"[14, 0]",sderf,1120,32,1.6099809866141508,5.002716108357657,-6.780617567630305,1.387540398276652
official,10240,"[14, 0]",sderf,1120,64,0.7022051420576653,2.0181982179491054,-7.316380783630546,0.019339131734110282
official,10240,"[14, 0]",sderf,1120,128,0.2282135468064555,1.256353587084416,-6.904176470726949,-1.3533983857735201
official,10240,"[14, 0]",sderf,1157,16,5.809348321421439e-07,1.000000580935001,-14.056258378579837,-13.048641535259595
official,10240,"[14, 0]",sderf,1157,32,0.2880733851878897,1.3338551857452337,-5.349431221010171,-1.0689848754478923
official,10240,"[14, 0]",sderf,1157,64,0.21660112485829694,1.2418486607741708,-5.639659997629252,-1.3904758354521327
official,10240,"[14, 0]",sderf,1157,128,0.061953374894289516,1.063912738527695,-6.319719585769445,-2.6954256994107446
official,10240,"[14, 0]",aderf,1009,16,0.002477133116151789,1.0024802037453182,-9.749291589431238,-5.953446212231977
official,10240,"[14, 0]",aderf,1009,32,2.0006338068766545,7.3937408179448765,-2.766170567977934,1.8748046905793672
official,10240,"[14, 0]",aderf,1009,64,9.991698797256873,21844.37646240857,1.0613561269275031,9.991917620295254
official,10240,"[14, 0]",aderf,1009,128,8.605277657264285,5460.401808132377,0.37016883585157956,8.605624816523907
official,10240,"[14, 0]",aderf,1046,16,0.26478936082749965,1.3031564510700633,-3.6663611421505706,-1.0376249865965939
official,10240,"[14, 0]",aderf,1046,32,12.160411361835179,191073.10105336734,2.1763741626860025,12.160498385359276
official,10240,"[14, 0]",aderf,1046,64,10.77404044034128,47764.61824631501,1.483280726887731,10.774204036824955
official,10240,"[14, 0]",aderf,1046,128,9.38763211682586,11939.793796539021,0.7951854729246559,9.3879193253882
official,10240,"[14, 0]",aderf,1083,16,0.017548226467589103,1.017703101192923,-5.870455116988161,-3.757317666437668
official,10240,"[14, 0]",aderf,1083,32,0.2007736138291073,1.222348017810618,-4.376932347906692,-1.3964428839013365
official,10240,"[14, 0]",aderf,1083,64,0.21504953779153105,1.2399233185075722,-4.869686193947256,-1.365414409498893
official,10240,"[14, 0]",aderf,1083,128,0.3367924331872594,1.4004483469682143,-3.4483166236780063,-0.767770323521793
official,10240,"[14, 0]",aderf,1120,16,0.16872031239498775,1.1837890015079409,-4.049774170477395,-1.5203213249830405
official,10240,"[14, 0]",aderf,1120,32,1.9965034476614891,7.363264993799596,-3.3397007153524356,1.8616213156523287
official,10240,"[14, 0]",aderf,1120,64,3.8194313136352567,45.5782812022999,-1.435361947410616,3.80786930774007
official,10240,"[14, 0]",aderf,1120,128,2.505991684772884,12.255706739178713,-2.0144610929122324,2.4443008887675646
official,10240,"[14, 0]",aderf,1157,16,0.07877716579451348,1.0819631967965093,-6.9242186469884075,-2.477765731482826
official,10240,"[14, 0]",aderf,1157,32,8.534728772310018,5088.45115917306,-2.832722742165995,8.534555365573524
official,10240,"[14, 0]",aderf,1157,64,7.149001391670235,1272.8342574232774,-3.524685508637333,7.148261762044765
official,10240,"[14, 0]",aderf,1157,128,5.784056821969534,325.075291602857,-3.288048037172757,5.781206201576083
official,10240,"[14, 6]",favor_plus,1009,16,0.00014105502614303355,1.000141064974871,-9.885123368372218,-8.32278514166716
official,10240,"[14, 6]",favor_plus,1009,32,9.559192288672555e-06,1.0000095592379779,-10.573465182243579,-9.709052322173934
official,10240,"[14, 6]",favor_plus,1009,64,0.0013738227265976772,1.0013747668533446,-8.242208408100177,-6.265180016190728
official,10240,"[14, 6]",favor_plus,1009,128,0.00041533991278852546,1.0004154261783529,-8.395437184210202,-7.050220664832656
official,10240,"[14, 6]",favor_plus,1046,16,-0.00014573003993163566,0.9998542805781748,-9.281388983462259,-10.112632027982881
official,10240,"[14, 6]",favor_plus,1046,32,-8.93412958561737e-05,0.9999106626949585,-9.904319448709556,-11.456588616962021
official,10240,"[14, 6]",favor_plus,1046,64,0.3472104152637583,1.4151144557272743,-6.049505654761685,-0.8678994293531019
official,10240,"[14, 6]",favor_plus,1046,128,0.09914538088528654,1.104226821363045,-6.560170132679432,-2.2343834980371184
official,10240,"[14, 6]",favor_plus,1083,16,0.013540806163034486,1.0136328980755918,-6.958345662582888,-4.164709040501842
official,10240,"[14, 6]",favor_plus,1083,32,0.0029261610985809494,1.0029304464868611,-7.6488557610804655,-5.550986338559655
official,10240,"[14, 6]",favor_plus,1083,64,0.0005071521116874505,1.0005072807350626,-8.235349127144813,-6.8709321155438285
official,10240,"[14, 6]",favor_plus,1083,128,-4.359408249019815e-05,0.999956406867718,-8.291695755467092,-7.689547469129595
official,10240,"[14, 6]",favor_plus,1120,16,0.17540813955520773,1.1917325105444934,-6.358350431629766,-1.6337462091525996
official,10240,"[14, 6]",favor_plus,1120,32,0.0460109768730259,1.047085904622877,-7.002565058042068,-3.0178757100468747
official,10240,"[14, 6]",favor_plus,1120,64,5.781713601625219,324.31446031194236,-4.752530526279591,5.7786787930365175
official,10240,"[14, 6]",favor_plus,1120,128,4.404574143585351,81.82429002376524,-5.444363857362085,4.392384446839971
official,10240,"[14, 6]",favor_plus,1157,16,0.0038671754193807086,1.003874662590533,-8.34793370848187,-5.437939598586601
official,10240,"[14, 6]",favor_plus,1157,32,0.0055034109529876335,1.0055185825381001,-7.565044722893429,-5.027513292000576
official,10240,"[14, 6]",favor_plus,1157,64,0.0011168131024783777,1.0011174369704576,-8.251557128611898,-6.41358289882332
official,10240,"[14, 6]",favor_plus,1157,128,4.169635748737378,64.69188371493073,-8.008449223269166,4.154067585489633
official,10240,"[14, 6]",centered_favor_plus,1009,16,0.07242224907551437,1.075109212105278,-9.745577729216498,-2.587254133667914
official,10240,"[14, 6]",centered_favor_plus,1009,32,0.1580308815047457,1.1712023626405266,-9.315472991621938,-1.7638579404778465
official,10240,"[14, 6]",centered_favor_plus,1009,64,0.17708506572038593,1.193732634534736,-5.3998683338011935,-1.5956978121327197
official,10240,"[14, 6]",centered_favor_plus,1009,128,2.149490617519485,8.580486534282382,-5.932999479684884,2.026276440505617
official,10240,"[14, 6]",centered_favor_plus,1046,16,0.0005984653572830324,1.0005986444734047,-10.658435545881161,-7.345256126376215
official,10240,"[14, 6]",centered_favor_plus,1046,32,0.028687457066727155,1.029102905366238,-6.985104892661872,-3.4752518270008945
official,10240,"[14, 6]",centered_favor_plus,1046,64,0.009785164788154197,1.0098331960498912,-7.45895063639856,-4.511159288772676
official,10240,"[14, 6]",centered_favor_plus,1046,128,3.0812447570238066,21.78550318385524,-3.3585317443755702,3.0375973611662292
official,10240,"[14, 6]",centered_favor_plus,1083,16,0.09070550631442613,1.0949465029421908,-7.368616343647307,-2.3412429356785918
official,10240,"[14, 6]",centered_favor_plus,1083,32,0.02304999104722735,1.0233176949917686,-7.779667845474648,-3.7233054021695953
official,10240,"[14, 6]",centered_favor_plus,1083,64,2.1820872251702785,8.864789774727699,-4.421130767065988,2.065447966574899
official,10240,"[14, 6]",centered_favor_plus,1083,128,5.337912504839434,208.07789501074308,-4.301545579375104,5.3332258638070105
official,10240,"[14, 6]",centered_favor_plus,1120,16,0.013548165351546916,1.013640357618619,-10.149765963140847,-4.289007945632228
official,10240,"[14, 6]",centered_favor_plus,1120,32,2.5747456740106185,13.127977947903817,-5.373561997772239,2.4962794926068117
official,10240,"[14, 6]",centered_favor_plus,1120,64,3.363517252566025,28.890628020184835,-5.858993075295141,3.3284953630868177
official,10240,"[14, 6]",centered_favor_plus,1120,128,2.077387837578894,7.983587226451318,-6.451916822922034,1.944014384289721
official,10240,"[14, 6]",centered_favor_plus,1157,16,2.5502045061337806,12.809723181775015,-7.997234790339288,2.468980157576711
official,10240,"[14, 6]",centered_favor_plus,1157,32,1.3744444479779052,3.9528800822801906,-8.155704969212895,1.08297542361829
official,10240,"[14, 6]",centered_favor_plus,1157,64,0.552767141610727,1.7380558163622215,-8.434846323133296,-0.3031475158723751
official,10240,"[14, 6]",centered_favor_plus,1157,128,0.23913814063873878,1.270153984348019,-7.0717493952892765,-1.3024993971880239
official,10240,"[14, 6]",sderf,1009,16,2.0163226799827787,7.510655007255136,-10.20426298281833,1.8734514363796801
official,10240,"[14, 6]",sderf,1009,32,1.4656124766099172,4.330194571170052,-9.615138049762423,1.203070795695579
official,10240,"[14, 6]",sderf,1009,64,1.4115457898815766,4.102291786586453,-8.293766888221933,1.132302328104311
official,10240,"[14, 6]",sderf,1009,128,0.5742546967329721,1.7758065191813268,-8.593050025907955,-0.25337430713439524
official,10240,"[14, 6]",sderf,1046,16,1.5792455618085877,4.851294428472976,-10.423334159787094,1.3484247461307586
official,10240,"[14, 6]",sderf,1046,32,1.7432297530375742,5.715774182276976,-6.436959625017755,1.5515919790088386
official,10240,"[14, 6]",sderf,1046,64,6.476486059010875,649.6839793260426,-1.5108501056103414,6.475625955116998
official,10240,"[14, 6]",sderf,1046,128,5.295543601008722,199.44601555879922,-2.2032917653910324,5.291629520672606
official,10240,"[14, 6]",sderf,1083,16,0.0055951908255477325,1.0056108731406073,-12.395484982526858,-5.181575300404399
official,10240,"[14, 6]",sderf,1083,32,0.06671101236828006,1.0689865096529447,-9.262414999233018,-2.6710960750397366
official,10240,"[14, 6]",sderf,1083,64,0.17098344528788886,1.1864711071715222,-6.733501959055653,-1.666792585659886
official,10240,"[14, 6]",sderf,1083,128,0.8347501856080439,2.30423834447951,-7.312687802621772,0.2666415561947826
official,10240,"[14, 6]",sderf,1120,16,0.822107239095857,2.2752893681279436,-6.260107076173432,0.24616565753791342
official,10240,"[14, 6]",sderf,1120,32,1.820022749988089,6.171998861186947,-4.52985645229875,1.64742003358681
official,10240,"[14, 6]",sderf,1120,64,0.8279387836249961,2.2885965824899968,-5.220023417644372,0.2619110752481699
official,10240,"[14, 6]",sderf,1120,128,0.3264031159284613,1.3859739644573368,-5.789572399652881,-0.9362573839991004
official,10240,"[14, 6]",sderf,1157,16,0.4658413818489421,1.5933542443990265,-6.914911267147781,-0.5186226357684678
official,10240,"[14, 6]",sderf,1157,32,1.047444202630614,2.8503568661385006,-6.960742569678837,0.6164030870348451
official,10240,"[14, 6]",sderf,1157,64,0.41917448415510317,1.5207056706869233,-6.7498987067971665,-0.6480826773020869
official,10240,"[14, 6]",sderf,1157,128,0.7028383167131617,2.0194764945539467,-6.185137128215631,0.023322047162180226
official,10240,"[14, 6]",aderf,1009,16,0.010896954236447657,1.0109565422883315,-9.29061146502666,-4.497112913562058
official,10240,"[14, 6]",aderf,1009,32,0.7247389181091431,2.0641921064305837,-5.615306320646516,0.06903666533210462
official,10240,"[14, 6]",aderf,1009,64,0.49400025668161596,1.6388589814586763,-4.488931211130906,-0.41351098922658913
official,10240,"[14, 6]",aderf,1009,128,4.5989473926131765,99.37965281051449,-3.1439946513710915,4.589710024152611
official,10240,"[14, 6]",aderf,1046,16,0.008203161381582226,1.0082368994998865,-6.5022388638516055,-4.4885386196935375
official,10240,"[14, 6]",aderf,1046,32,0.18780103863877326,1.2065934259956617,-6.440963388497211,-1.5616808297172309
official,10240,"[14, 6]",aderf,1046,64,0.5274103085891333,1.694538290242808,-6.527699272243455,-0.3603057799938849
official,10240,"[14, 6]",aderf,1046,128,0.8206961651658874,2.2720810307504085,-4.859837591924828,0.2527679950669057
official,10240,"[14, 6]",aderf,1083,16,0.023458610247067156,1.0237359276926146,-5.964700123926919,-3.5448983647393977
official,10240,"[14, 6]",aderf,1083,32,0.024765551398812265,1.0250747650052539,-5.740169382999797,-3.4576657512426987
official,10240,"[14, 6]",aderf,1083,64,0.013979664421600556,1.0140778368694574,-5.9798195584145315,-3.956162886222126
official,10240,"[14, 6]",aderf,1083,128,2.4962070292169396,12.13637363885533,-3.4962638310602427,2.4156453916458442
official,10240,"[14, 6]",aderf,1120,16,5.148143843155601,172.11172728289182,-3.0754392724412565,5.14285621324399
official,10240,"[14, 6]",aderf,1120,32,3.7996291533033375,44.684610280130634,-3.460578440824955,3.778432947178066
official,10240,"[14, 6]",aderf,1120,64,8.456760658042548,4706.786385378406,-2.434835962865936,8.45658541150083
official,10240,"[14, 6]",aderf,1120,128,7.071266688406518,1177.6387912915102,-3.1013397691200684,7.070493638109623
official,10240,"[14, 6]",aderf,1157,16,1.5666268513593808,4.790461969571908,-5.8275943111987925,1.3340406785354642
official,10240,"[14, 6]",aderf,1157,32,0.6658712420656062,1.9461853814847114,-6.477826976443293,-0.05207288650128028
official,10240,"[14, 6]",aderf,1157,64,0.21246587708062276,1.2367239122149238,-6.719991430590419,-1.4307186305421045
official,10240,"[14, 6]",aderf,1157,128,0.10024924433892508,1.1054464100014978,-6.0735343400893615,-2.2067982239639488
official,10240,"[27, 0]",favor_plus,1009,16,-9.388062761725745e-10,0.9999999990611937,-21.477863062575494,-27.164996362380236
official,10240,"[27, 0]",favor_plus,1009,32,-1.0103961690225973e-07,0.9999998989603882,-16.769384351371947,-19.549212768879073
official,10240,"[27, 0]",favor_plus,1009,64,-2.4076061672934966e-06,0.999997592396731,-13.026328475720735,-13.124572484172962
official,10240,"[27, 0]",favor_plus,1009,128,0.0018930158689689563,1.0018948087546509,-9.537121378888632,-6.195267789162009
official,10240,"[27, 0]",favor_plus,1046,16,-8.159329936313255e-08,0.999999918406704,-16.927277239582,-18.714895790519627
official,10240,"[27, 0]",favor_plus,1046,32,0.0019489224247321382,1.0019508228084073,-11.433280471938144,-6.22846320889758
official,10240,"[27, 0]",favor_plus,1046,64,0.0004801845766654511,1.0004802998837348,-11.9532468208793,-7.6146434895083885
official,10240,"[27, 0]",favor_plus,1046,128,0.00011448510428950254,1.0001144916579592,-12.218781390387498,-8.992286755137576
official,10240,"[27, 0]",favor_plus,1083,16,0.00012036302438710197,1.0001203702683066,-13.477593796141683,-9.001910003437736
official,10240,"[27, 0]",favor_plus,1083,32,0.004576776008227667,1.0045872654440366,-8.134893595443257,-5.264200831992909
official,10240,"[27, 0]",favor_plus,1083,64,0.0009655511112371475,1.0009660174057764,-8.717192011824856,-6.650395753264759
official,10240,"[27, 0]",favor_plus,1083,128,0.00015949949848269396,1.000159512219204,-9.409210890749394,-8.036486351096778
official,10240,"[27, 0]",favor_plus,1120,16,0.0011441987835333148,1.0011448536286953,-11.093780678660762,-6.746260060241978
official,10240,"[27, 0]",favor_plus,1120,32,0.00027447591728745144,1.0002745135892486,-11.544829243641749,-8.13232003371883
official,10240,"[27, 0]",favor_plus,1120,64,6.314673763766745e-05,1.0000631487314349,-12.15409653997672,-9.515748803222088
official,10240,"[27, 0]",favor_plus,1120,128,1.4433915078532651e-05,1.000014434019248,-12.695179591967797,-10.791883160684623
official,10240,"[27, 0]",favor_plus,1157,16,-1.0778313493816124e-07,0.9999998922168709,-16.63519776820151,-18.283875308786065
official,10240,"[27, 0]",favor_plus,1157,32,-1.3013465214728114e-07,0.9999998698653563,-16.520438452559105,-19.43799480383722
official,10240,"[27, 0]",favor_plus,1157,64,0.04138401759613943,1.0422522719171303,-11.912276284169486,-3.1637797035800492
official,10240,"[27, 0]",favor_plus,1157,128,0.010503559661106188,1.0105589156858916,-12.489948239230607,-4.5500719322043
official,10240,"[27, 0]",centered_favor_plus,1009,16,2.074108977893481,7.957453032740497,-5.663924202376892,1.9408101357670855
official,10240,"[27, 0]",centered_favor_plus,1009,32,1.1633628004514867,3.200678441975714,-5.427380054178269,0.7927515953978368
official,10240,"[27, 0]",centered_favor_plus,1009,64,6.474645822301075,648.4895064110588,-1.7507900767563438,6.473638781625809
official,10240,"[27, 0]",centered_favor_plus,1009,128,5.600132175958971,270.46215365822957,-2.239322083835024,5.59721832772407
official,10240,"[27, 0]",centered_favor_plus,1046,16,0.32594931313690917,1.3853451482933041,-5.769135588410297,-0.9375397538305332
official,10240,"[27, 0]",centered_favor_plus,1046,32,2.2628283544237497,9.610231905951384,-4.640143955714895,2.1551917251213926
official,10240,"[27, 0]",centered_favor_plus,1046,64,6.126226950100185,457.70595125574783,-3.631191210441644,6.124155725422005
official,10240,"[27, 0]",centered_favor_plus,1046,128,4.9550486316321996,141.88950652346853,-1.815598749966144,4.950283462487489
official,10240,"[27, 0]",centered_favor_plus,1083,16,7.515542380158919,1836.3632132067282,-4.317660874305127,7.515012204006419
official,10240,"[27, 0]",centered_favor_plus,1083,32,6.130917810387948,459.85802952899695,-4.783057309804761,6.128777341172887
official,10240,"[27, 0]",centered_favor_plus,1083,64,4.767039841338698,117.57069842184475,-2.4783757764829026,4.75993602339145
official,10240,"[27, 0]",centered_favor_plus,1083,128,3.44406487359807,31.313987214770055,-2.9989727356425,3.4148919710199994
official,10240,"[27, 0]",centered_favor_plus,1120,16,14.239841760028314,1528567.7747573634,-1.1256668325218335,14.239841530317898
official,10240,"[27, 0]",centered_favor_plus,1120,32,12.853549134072024,382142.60676870693,-1.7991758601243184,12.853547383075862
official,10240,"[27, 0]",centered_favor_plus,1120,64,11.467271301985313,95537.23081718411,-2.3475275040022865,11.467262836249924
official,10240,"[27, 0]",centered_favor_plus,1120,128,10.081123518939709,23887.808876716266,-2.845235578182141,10.081086522026075
official,10240,"[27, 0]",centered_favor_plus,1157,16,3.097497982606637,22.142481043925375,-2.9795777170045223,3.0560796625267894
official,10240,"[27, 0]",centered_favor_plus,1157,32,2.333581826898854,10.314821349621798,-3.4733226830817063,2.23824377588142
official,10240,"[27, 0]",centered_favor_plus,1157,64,3.563817571338048,35.29769171665069,-3.3007654579029406,3.5372248700138087
official,10240,"[27, 0]",centered_favor_plus,1157,128,2.4120311540040076,11.156598917443732,-3.656176518666348,2.3231973037757623
official,10240,"[27, 0]",sderf,1009,16,6.064350612651909,430.2431924491581,-3.177508209655917,6.062217867709007
official,10240,"[27, 0]",sderf,1009,32,4.692208450603411,109.09384232587263,-3.7609569223232313,4.683430061666618
official,10240,"[27, 0]",sderf,1009,64,7.32845860957625,1523.0323742693813,0.12984692802026476,7.3292969192893995
official,10240,"[27, 0]",sderf,1009,128,6.0413504205757995,420.4604501189931,-0.48763236996240966,6.041892909862698
official,10240,"[27, 0]",sderf,1046,16,8.165908034823095,3518.9151843299537,-0.30098727520780244,8.166044480743773
official,10240,"[27, 0]",sderf,1046,32,6.7817979158981805,881.6524369229791,-0.9876243543678047,6.781508554755147
official,10240,"[27, 0]",sderf,1046,64,5.544853791116658,255.917158145842,-1.4967110030833624,5.542693458154465
official,10240,"[27, 0]",sderf,1046,128,5.812178466678765,334.34669602939897,-1.848173339242237,5.8101277412623755
official,10240,"[27, 0]",sderf,1083,16,5.7654551643938134,319.08424677594115,-2.543784891933276,5.762810163079779
official,10240,"[27, 0]",sderf,1083,32,4.389736955418236,80.61920974480259,-3.210200275891607,4.378268416511318
official,10240,"[27, 0]",sderf,1083,64,5.474587523031857,238.5520494084899,-0.6648646343177109,5.474707767524546
official,10240,"[27, 0]",sderf,1083,128,4.236180865933049,69.14327948750669,-0.9737032990512215,4.232636483202979
official,10240,"[27, 0]",sderf,1120,16,2.6041483546628843,13.51970640351773,-3.95353696527361,2.5303642704707503
official,10240,"[27, 0]",sderf,1120,32,1.903319771693498,6.708126968431457,-4.47309796436782,1.7458814476999134
official,10240,"[27, 0]",sderf,1120,64,2.5415942608920834,12.699901796709412,-4.173365346206301,2.4622095489673494
official,10240,"[27, 0]",sderf,1120,128,3.841092445338978,46.57632875020426,-1.9845746688689818,3.825401520445448
official,10240,"[27, 0]",sderf,1157,16,5.471182406576325,237.74113331495064,0.28259225900400864,5.478111823032203
official,10240,"[27, 0]",sderf,1157,32,4.540171960884041,93.70691265761245,-0.3651446938941554,4.544306026979763
official,10240,"[27, 0]",sderf,1157,64,3.2179243060380887,24.976223343009543,-1.0415815989542523,3.2060748627812803
official,10240,"[27, 0]",sderf,1157,128,9.513610493896008,13542.80235815912,-0.583228811158742,9.513619073099209
official,10240,"[27, 0]",aderf,1009,16,3.1485848508846077,23.303063925725663,-4.4365002600752295,3.105784996646486
official,10240,"[27, 0]",aderf,1009,32,1.8854504831728292,6.589322152263061,-5.068201864614984,1.7231075407123093
official,10240,"[27, 0]",aderf,1009,64,0.8749688604647355,2.398800595268334,-5.719049441619193,0.3402979486372253
official,10240,"[27, 0]",aderf,1009,128,0.2993955485729893,1.3490431300370618,-6.333572054770473,-1.0424366380634806
official,10240,"[27, 0]",aderf,1046,16,0.8928327604310976,2.442037569830392,-6.350635427164281,0.36847523727128184
official,10240,"[27, 0]",aderf,1046,32,0.3565133184116629,1.4283405536194749,-6.687294433649596,-0.842032748480884
official,10240,"[27, 0]",aderf,1046,64,0.10532739284360847,1.1110743085937071,-7.300896720344017,-2.185476283257662
official,10240,"[27, 0]",aderf,1046,128,2.1403033973896886,8.502016727302628,-6.019068466503009,2.0158200126749595
official,10240,"[27, 0]",aderf,1083,16,0.4561052305551925,1.5779163810471046,-7.120431707407716,-0.5455322987787987
official,10240,"[27, 0]",aderf,1083,32,0.13495752089652555,1.1444881664874507,-7.733790681178688,-1.9285161986253545
official,10240,"[27, 0]",aderf,1083,64,0.05379001023328087,1.0552629844592363,-7.8506750678318635,-2.881654541079911
official,10240,"[27, 0]",aderf,1083,128,4.1814979151360046,65.4638390838545,-4.321192954402134,4.166516486191227
official,10240,"[27, 0]",aderf,1120,16,2.073253964496528,7.950652211602781,-6.173390073406015,1.939435020401671
official,10240,"[27, 0]",aderf,1120,32,1.0071848004413952,2.7378824699713182,-6.832818888660032,0.5539070101991808
official,10240,"[27, 0]",aderf,1120,64,0.6194306788196438,1.8578700159462158,-5.48072281421841,-0.14363639061470135
official,10240,"[27, 0]",aderf,1120,128,0.21313914183458013,1.2375568351927735,-6.043386079297073,-1.4175627536368633
official,10240,"[27, 0]",aderf,1157,16,4.480563154332491,88.28437640796719,-3.859103036028796,4.469654542822088
official,10240,"[27, 0]",aderf,1157,32,3.131505255421359,22.908436651023813,-4.53603673157129,3.0878495539829043
official,10240,"[27, 0]",aderf,1157,64,1.8676525484387676,6.473083300766421,-5.21593158186303,1.7018241940284096
official,10240,"[27, 0]",aderf,1157,128,0.9445795577880409,2.571731886608846,-5.555418612403322,0.4570860464770501
official,10240,"[27, 6]",favor_plus,1009,16,2.3262258669927426e-05,1.0000232625292385,-14.047292756145271,-10.602702427062738
official,10240,"[27, 6]",favor_plus,1009,32,5.359125281670815e-06,1.0000053591396418,-14.63314330364758,-11.984195391893095
official,10240,"[27, 6]",favor_plus,1009,64,0.00014562819195865798,1.0001456387962586,-11.549598256885716,-8.710058378744653
official,10240,"[27, 6]",favor_plus,1009,128,4.198472437275908e-05,1.0000419856057436,-12.111056073467022,-9.845551217962095
official,10240,"[27, 6]",favor_plus,1046,16,-1.104882786262737e-08,0.9999999889511721,-18.956469177646603,-21.14588766397778
official,10240,"[27, 6]",favor_plus,1046,32,-7.736211010716034e-09,0.999999992263789,-19.349029329792664,-22.507620245083544
official,10240,"[27, 6]",favor_plus,1046,64,4.505999598638643e-07,1.0000004506000615,-16.292902979694944,-14.29593013897847
official,10240,"[27, 6]",favor_plus,1046,128,0.01723633017846911,1.017385732867809,-9.650378176220983,-4.044724155219324
official,10240,"[27, 6]",favor_plus,1083,16,-9.404714100587474e-09,0.999999990595286,-19.155222490839765,-22.38509855751623
official,10240,"[27, 6]",favor_plus,1083,32,-6.29828656729243e-09,0.9999999937017134,-19.568356305424054,-23.735411771838855
official,10240,"[27, 6]",favor_plus,1083,64,1.5412152832736528e-08,1.0000000154121529,-17.429058417617796,-16.484471287990953
official,10240,"[27, 6]",favor_plus,1083,128,7.271949781193106e-05,1.0000727221419388,-11.564333300724321,-9.296770473095298
official,10240,"[27, 6]",favor_plus,1120,16,-1.1912478991438943e-06,0.9999988087528104,-13.639807464114181,-13.639105679899089
official,10240,"[27, 6]",favor_plus,1120,32,6.90226183337881e-07,1.0000006902264216,-13.346887656342755,-12.45817880777901
official,10240,"[27, 6]",favor_plus,1120,64,0.00023708215926126623,1.0002371102654575,-10.355271598505459,-8.10919986116088
official,10240,"[27, 6]",favor_plus,1120,128,4.335699289010105e-05,1.000043357932818,-11.048186315016654,-9.49549348308815
official,10240,"[27, 6]",favor_plus,1157,16,-2.60513507736924e-07,0.9999997394865262,-15.75363272398951,-17.41145949322551
official,10240,"[27, 6]",favor_plus,1157,32,-1.460465035401057e-07,0.9999998539535071,-16.386538326784777,-18.79648650698664
official,10240,"[27, 6]",favor_plus,1157,64,-1.4015148238029024e-07,0.9999998598485275,-16.446627448373423,-19.376613356410278
official,10240,"[27, 6]",favor_plus,1157,128,-2.2959655122034133e-07,0.9999997704034751,-15.939608229033297,-18.47354953279852
official,10240,"[27, 6]",centered_favor_plus,1009,16,2.9236161635972295,18.60845716362743,-3.3390571814417704,2.8724000029997647
official,10240,"[27, 6]",centered_favor_plus,1009,32,3.075508185399944,21.6608868614506,-3.9152871037145065,3.030170245998411
official,10240,"[27, 6]",centered_favor_plus,1009,64,3.2487820708588786,25.758948230953624,-3.259423906150597,3.212284923331117
official,10240,"[27, 6]",centered_favor_plus,1009,128,2.22390428717809,9.243349196926733,-2.7270970781929336,2.1251516076168784
official,10240,"[27, 6]",centered_favor_plus,1046,16,1.042450253937468,2.8361578143696473,-5.578812893953329,0.6117808806058633
official,10240,"[27, 6]",centered_favor_plus,1046,32,0.5358973791736068,1.7089811584474852,-5.400288045424025,-0.33126938869319034
official,10240,"[27, 6]",centered_favor_plus,1046,64,3.9363245388681856,51.22996111219649,-2.6821747866361516,3.91933201986817
official,10240,"[27, 6]",centered_favor_plus,1046,128,3.104659525513695,22.301624548333027,-2.2716380960380294,3.0684208076939665
official,10240,"[27, 6]",centered_favor_plus,1083,16,2.453870488626965,11.633286196170694,-2.9808027094361824,2.3734899018289735
official,10240,"[27, 6]",centered_favor_plus,1083,32,1.3160062049911427,3.7285007344751633,-3.632472819485989,1.022955162362976
official,10240,"[27, 6]",centered_favor_plus,1083,64,0.8759086779457291,2.401056089711723,-3.961990683436299,0.3640224324891417
official,10240,"[27, 6]",centered_favor_plus,1083,128,4.9573395836975624,142.21494121679726,-2.3426764399568247,4.951642833908496
official,10240,"[27, 6]",centered_favor_plus,1120,16,0.14961927570001674,1.161391988393352,-6.538631464363729,-1.806153030725019
official,10240,"[27, 6]",centered_favor_plus,1120,32,0.3619929156289642,1.4361887674302058,-4.871390584179398,-0.7951485180982143
official,10240,"[27, 6]",centered_favor_plus,1120,64,2.238294147213741,9.377321306311636,-3.5133185982506783,2.132616961353367
official,10240,"[27, 6]",centered_favor_plus,1120,128,1.4582840207755685,4.298576927259923,-3.870241877579609,1.2060557066739737
official,10240,"[27, 6]",centered_favor_plus,1157,16,0.09086902698975728,1.0951255639734947,-6.456177858131591,-2.3200655902614518
official,10240,"[27, 6]",centered_favor_plus,1157,32,0.02727854739794789,1.0276540132514274,-6.259623200944811,-3.458468123531672
official,10240,"[27, 6]",centered_favor_plus,1157,64,6.476257264230809,649.5353520261041,-2.207462556205665,6.475055620571469
official,10240,"[27, 6]",centered_favor_plus,1157,128,5.101071899472311,164.19781655746127,-2.8603263369834266,5.095664420930483
official,10240,"[27, 6]",sderf,1009,16,2.3843924049016203,10.852466755696287,-4.96177385361009,2.2891419123506083
official,10240,"[27, 6]",sderf,1009,32,3.6314858027723713,37.7688920728832,-4.15650733970234,3.6055037256774956
official,10240,"[27, 6]",sderf,1009,64,7.536291513826693,1874.8642088339584,0.2361494126560153,7.537108693457602
official,10240,"[27, 6]",sderf,1009,128,6.157873254031482,472.42228349573764,-0.4478010040580447,6.1584616722351
official,10240,"[27, 6]",sderf,1046,16,1.659386318332199,5.25608429193572,-4.982921731499008,1.4515651860912815
official,10240,"[27, 6]",sderf,1046,32,7.184157853032644,1318.3785021832866,-2.875253990616864,7.183484681386224
official,10240,"[27, 6]",sderf,1046,64,5.800062820170635,330.3203100361193,-3.562494052960428,5.797203131060558
official,10240,"[27, 6]",sderf,1046,128,6.378639725499112,589.1257895783839,-3.39068053451566,6.377055399170212
official,10240,"[27, 6]",sderf,1083,16,1.0116287939201383,2.750076677233522,-5.781553360851092,0.563177733650809
official,10240,"[27, 6]",sderf,1083,32,0.7232258345000301,2.061071172900396,-5.866562828848135,0.06460385496022347
official,10240,"[27, 6]",sderf,1083,64,0.6156508893616046,1.8508609132565705,-5.088164257011757,-0.14710934826411126
official,10240,"[27, 6]",sderf,1083,128,6.6243786939647125,753.2360770212548,-0.7580253771192922,6.624295292474587
official,10240,"[27, 6]",sderf,1120,16,6.209153346087335,497.28004890654927,-4.772640857673746,6.207174467190869
official,10240,"[27, 6]",sderf,1120,32,4.830315565029451,125.25047909024204,-5.318224233099626,4.822378413986831
official,10240,"[27, 6]",sderf,1120,64,3.547848654873766,34.73850253194755,-4.254798428276873,3.5194808679497687
official,10240,"[27, 6]",sderf,1120,128,2.3905965997383865,10.920006873286335,-4.663865801694113,2.2964530049582415
official,10240,"[27, 6]",sderf,1157,16,4.126103060837193,61.936090860296346,-5.507188166891888,4.109958787602695
official,10240,"[27, 6]",sderf,1157,32,11.503334912268617,99045.52899796811,0.7282767848314347,11.50336664480533
official,10240,"[27, 6]",sderf,1157,64,10.117133464646907,24763.68302302142,0.04097448454068875,10.117177223377572
official,10240,"[27, 6]",sderf,1157,128,8.745640035769934,6283.233627438282,-0.5861932382250536,8.745658001357272
official,10240,"[27, 6]",aderf,1009,16,0.6482047778638107,1.9121050925926453,-9.965364681521416,-0.09189700962887493
official,10240,"[27, 6]",aderf,1009,32,0.2957264248630394,1.3441023935324992,-8.855837929705784,-1.0659878375844212
official,10240,"[27, 6]",aderf,1009,64,4.286697172317558,72.72587037337514,-4.428284267336613,4.273184234730351
official,10240,"[27, 6]",aderf,1009,128,2.9405204911006777,18.925694404622245,-5.12062744153409,2.8869012400294576
official,10240,"[27, 6]",aderf,1046,16,1.5712913328085798,4.812859185652804,-7.109078008419616,1.3388081481379395
official,10240,"[27, 6]",aderf,1046,32,0.6692797911780571,1.9528303683879735,-7.800404992602191,-0.04745906860978266
official,10240,"[27, 6]",aderf,1046,64,0.2139331138167182,1.2385398108221362,-8.446602790632006,-1.4314211603083784
official,10240,"[27, 6]",aderf,1046,128,0.05795817052109144,1.059670669311307,-9.065159244305432,-2.8150467358546845
official,10240,"[27, 6]",aderf,1083,16,7.082551110719429e-06,1.000007082576192,-14.936304368573637,-11.769804463897025
official,10240,"[27, 6]",aderf,1083,32,2.432682507380596e-05,1.0000243271209734,-14.446851240763467,-10.581120603610339
official,10240,"[27, 6]",aderf,1083,64,0.01795148557424478,1.018113581995849,-10.733001304136799,-4.008687654826902
official,10240,"[27, 6]",aderf,1083,128,0.01882594667789065,1.019004272102567,-11.047002567915335,-3.9614159074838993
official,10240,"[27, 6]",aderf,1120,16,0.0002237597689370829,1.0002237848050215,-11.835873591376993,-8.3421269188651
official,10240,"[27, 6]",aderf,1120,32,0.00019560385385765676,1.0001956229855389,-12.431878072667512,-8.499344831037275
official,10240,"[27, 6]",aderf,1120,64,0.0029279593648867176,1.0029322500245117,-11.24916401331497,-5.82314510505652
official,10240,"[27, 6]",aderf,1120,128,8.602298965489979,5444.161154141387,1.526443065395883,8.603804685853989
official,10240,"[27, 6]",aderf,1157,16,3.099945588750932e-05,1.0000309999363757,-13.656793094816509,-10.308634214197822
official,10240,"[27, 6]",aderf,1157,32,0.5123926588671835,1.669280439237139,-8.35728184129155,-0.40085106622787237
official,10240,"[27, 6]",aderf,1157,64,0.15462877114293405,1.1672245732228013,-9.032562814715575,-1.7869899506648803
official,10240,"[27, 6]",aderf,1157,128,0.050636704617393065,1.0519406586713014,-9.07760991520329,-2.9532659273606594
internal,131072,"[14, 0]",favor_plus,predefined_union_of_five_blocks,640,-3.9295672432160344e-05,0.9999607050996326,-10.754802027950436,-12.594548758915115
internal,131072,"[14, 0]",centered_favor_plus,predefined_union_of_five_blocks,640,2.160470048459079,8.675214471433042,-2.9686609952589262,2.051293909783775
internal,131072,"[14, 0]",sderf,predefined_union_of_five_blocks,640,9.37320405995795,11768.762563765033,-0.804682409606309,9.373195092099792
internal,131072,"[14, 0]",aderf,predefined_union_of_five_blocks,640,9.57063986854239,14337.587560881922,-0.89205813686212,9.570627287746525
internal,131072,"[14, 6]",favor_plus,predefined_union_of_five_blocks,640,2.774460317724752,16.02997356820754,-4.642183576876689,2.7113279456121706
internal,131072,"[14, 6]",centered_favor_plus,predefined_union_of_five_blocks,640,5.917357185214523,371.42879809673815,-2.460525537598441,5.915122175760237
internal,131072,"[14, 6]",sderf,predefined_union_of_five_blocks,640,8.359165371028201,4269.1301393332415,-3.0046183266378677,8.358954325755148
internal,131072,"[14, 6]",aderf,predefined_union_of_five_blocks,640,6.47149078611589,646.4467227752956,-1.5461892507166426,6.470602641460234
internal,131072,"[27, 0]",favor_plus,predefined_union_of_five_blocks,640,0.0011724870787782433,1.0011731747104733,-10.034851311299288,-6.67595761543419
internal,131072,"[27, 0]",centered_favor_plus,predefined_union_of_five_blocks,640,4.900521656623485,134.35985111299772,-2.7284197187711223,4.894030284181973
internal,131072,"[27, 0]",sderf,predefined_union_of_five_blocks,640,7.4765332211369335,1766.1074466608607,-1.1161613492547606,7.476337896477094
internal,131072,"[27, 0]",aderf,predefined_union_of_five_blocks,640,1.6353337021226309,5.1311699936812865,-5.595008216549635,1.420358226348153
internal,131072,"[27, 6]",favor_plus,predefined_union_of_five_blocks,640,0.002971895738870143,1.0029763161989755,-10.376614725275298,-5.796351392068958
internal,131072,"[27, 6]",centered_favor_plus,predefined_union_of_five_blocks,640,5.058644984531774,157.37712334414712,-1.633879661542223,5.054763593764356
internal,131072,"[27, 6]",sderf,predefined_union_of_five_blocks,640,9.587154474262231,14576.333134824923,-0.39301510699913034,9.58717848804498
internal,131072,"[27, 6]",aderf,predefined_union_of_five_blocks,640,0.9882406688446517,2.6865038622707584,-7.644596684492329,0.5232250969126699
official,10240,"[14, 0]",favor_plus,predefined_union_of_five_blocks,640,-3.920035955866056e-05,0.9999608004087654,-10.830471880372409,-14.796489538847846
official,10240,"[14, 0]",centered_favor_plus,predefined_union_of_five_blocks,640,0.14791998740151993,1.1594201244346758,-3.142899800443513,-1.4035013116614774
official,10240,"[14, 0]",sderf,predefined_union_of_five_blocks,640,1.2710234914681928,3.5644989302675,-2.7576570206287405,0.9900538492900743
official,10240,"[14, 0]",aderf,predefined_union_of_five_blocks,640,6.564135193535537,709.1983116347352,-0.2573859761581865,6.56490497732193
official,10240,"[14, 6]",favor_plus,predefined_union_of_five_blocks,640,1.914382693840089,6.782750470745786,-6.638437169119317,1.7553320775011638
official,10240,"[14, 6]",centered_favor_plus,predefined_union_of_five_blocks,640,2.3694178881182966,10.691167017035982,-4.539182784738088,2.273416936508612
official,10240,"[14, 6]",sderf,predefined_union_of_five_blocks,640,2.2016616709395858,9.040022568709098,-3.760070104026193,2.0902067366051167
official,10240,"[14, 6]",aderf,predefined_union_of_five_blocks,640,3.9607765284480787,52.498076374893415,-3.661542074825901,3.942541775851522
official,10240,"[27, 0]",favor_plus,predefined_union_of_five_blocks,640,0.0004565890906235442,1.0004566933432886,-10.313823720000688,-7.5558601435239385
official,10240,"[27, 0]",centered_favor_plus,predefined_union_of_five_blocks,640,6.881821426070176,974.3995411693191,-2.518105181075362,6.880960242571106
official,10240,"[27, 0]",sderf,predefined_union_of_five_blocks,640,6.357627228722134,576.8759365371419,-0.9970575318629582,6.3571728285413815
official,10240,"[27, 0]",aderf,predefined_union_of_five_blocks,640,1.3756408287749051,3.9576120621639888,-5.350385765075327,1.087586629370806
official,10240,"[27, 6]",favor_plus,predefined_union_of_five_blocks,640,0.0006709837275740523,1.000671208887512,-10.866513192649544,-7.251115682428659
official,10240,"[27, 6]",centered_favor_plus,predefined_union_of_five_blocks,640,2.666208685772998,14.385326381651653,-2.6802632347068056,2.6043487971206236
official,10240,"[27, 6]",sderf,predefined_union_of_five_blocks,640,5.782772403558456,324.6580269419066,-1.0745951309212296,5.781795119670125
official,10240,"[27, 6]",aderf,predefined_union_of_five_blocks,640,5.38437645322672,217.97414464877977,-0.08164453651157921,5.388237334498136
internal,131072,"[14, 0]",partition,,16,-1.302341902065364,0.2718942970329921,,
internal,131072,"[14, 0]",galerkin,,16,-1.7635139072018822,0.17144137505973858,,
internal,131072,"[14, 0]",partition,,32,-1.5116563264917662,0.22054438176749944,,
internal,131072,"[14, 0]",galerkin,,32,-1.7643884303939041,0.17129151114046443,,
internal,131072,"[14, 0]",partition,,64,-1.5772173159798186,0.2065490600260428,,
internal,131072,"[14, 0]",galerkin,,64,-1.761876146863494,0.17172238499482154,,
internal,131072,"[14, 0]",partition,,128,-1.5931588638764,0.20328245484317584,,
internal,131072,"[14, 0]",galerkin,,128,-1.761422482421505,0.17180030700867427,,
internal,131072,"[14, 6]",partition,,16,-0.7565059750319854,0.4693033231953576,,
internal,131072,"[14, 6]",galerkin,,16,-0.7539308827040921,0.47051337991759645,,
internal,131072,"[14, 6]",partition,,32,-0.7589508950892595,0.46815731560686913,,
internal,131072,"[14, 6]",galerkin,,32,-0.7425013975331107,0.47592195535435433,,
internal,131072,"[14, 6]",partition,,64,-0.7600217373660121,0.4676562612841022,,
internal,131072,"[14, 6]",galerkin,,64,-0.7389067415708802,0.4776358095613762,,
internal,131072,"[14, 6]",partition,,128,-0.760826932278531,0.4672798584008883,,
internal,131072,"[14, 6]",galerkin,,128,-0.7352784932977969,0.4793719385114526,,
internal,131072,"[27, 0]",partition,,16,-0.22553093823067377,0.7980923685001348,,
internal,131072,"[27, 0]",galerkin,,16,-0.5930355449167901,0.5526471507143726,,
internal,131072,"[27, 0]",partition,,32,-0.2350373990458017,0.7905412835861951,,
internal,131072,"[27, 0]",galerkin,,32,-0.6431486587974632,0.5256347711743983,,
internal,131072,"[27, 0]",partition,,64,-0.24309064894605584,0.7842004236075844,,
internal,131072,"[27, 0]",galerkin,,64,-0.6687904443317352,0.5123278922694695,,
internal,131072,"[27, 0]",partition,,128,-0.2489748289513257,0.7795995964771218,,
internal,131072,"[27, 0]",galerkin,,128,-0.6788630250852058,0.5071933307563775,,
internal,131072,"[27, 6]",partition,,16,-0.39090942177693144,0.6764414241266774,,
internal,131072,"[27, 6]",galerkin,,16,-1.0274223427049067,0.3579283892189094,,
internal,131072,"[27, 6]",partition,,32,-0.4042192334379485,0.6674977673963145,,
internal,131072,"[27, 6]",galerkin,,32,-1.1061728676269198,0.3308226434413819,,
internal,131072,"[27, 6]",partition,,64,-0.41423144042098625,0.6608479866292619,,
internal,131072,"[27, 6]",galerkin,,64,-1.1454365803687068,0.31808501779777004,,
internal,131072,"[27, 6]",partition,,128,-0.41792026629815743,0.6584147241752653,,
internal,131072,"[27, 6]",galerkin,,128,-1.164158937883093,0.3121851187228054,,
official,10240,"[14, 0]",partition,,16,-1.0928693631834678,0.3352531492315558,,
official,10240,"[14, 0]",galerkin,,16,-1.5122829715740527,0.22040622200832688,,
official,10240,"[14, 0]",partition,,32,-1.3286643651847436,0.26483074234610715,,
official,10240,"[14, 0]",galerkin,,32,-1.5188814919432598,0.21895665482177445,,
official,10240,"[14, 0]",partition,,64,-1.3698922764429255,0.2541343343327886,,
official,10240,"[14, 0]",galerkin,,64,-1.5155716692802008,0.21968256317139537,,
official,10240,"[14, 0]",partition,,128,-1.3812344045706373,0.2512681949371369,,
official,10240,"[14, 0]",galerkin,,128,-1.5155465942921196,0.21968807177811236,,
official,10240,"[14, 6]",partition,,16,-0.055750763163715404,0.9457748284436219,,
official,10240,"[14, 6]",galerkin,,16,-0.057659275541485304,0.9439715268360386,,
official,10240,"[14, 6]",partition,,32,-0.055893593785308796,0.9456397524837092,,
official,10240,"[14, 6]",galerkin,,32,-0.05832761888419217,0.9433408405313458,,
official,10240,"[14, 6]",partition,,64,-0.05594517381274912,0.9455909776172428,,
official,10240,"[14, 6]",galerkin,,64,-0.05902017553543859,0.9426877497351346,,
official,10240,"[14, 6]",partition,,128,-0.05600269736529773,0.9455365854293832,,
official,10240,"[14, 6]",galerkin,,128,-0.05943781888081554,0.9422941246728548,,
official,10240,"[27, 0]",partition,,16,-0.3391062770778992,0.7124067325599851,,
official,10240,"[27, 0]",galerkin,,16,-0.8258586536542412,0.4378588618933074,,
official,10240,"[27, 0]",partition,,32,-0.3539844241515022,0.7018858997386903,,
official,10240,"[27, 0]",galerkin,,32,-0.8939480056468428,0.409037677707987,,
official,10240,"[27, 0]",partition,,64,-0.3740922440884347,0.6879134529527817,,
official,10240,"[27, 0]",galerkin,,64,-0.957577593999763,0.38382153232467886,,
official,10240,"[27, 0]",partition,,128,-0.3870673839966664,0.679045336596267,,
official,10240,"[27, 0]",galerkin,,128,-0.9824336721674602,0.3743988252137313,,
official,10240,"[27, 6]",partition,,16,-0.4719223337734838,0.6238019593806793,,
official,10240,"[27, 6]",galerkin,,16,-1.3286735217528616,0.26482831741647717,,
official,10240,"[27, 6]",partition,,32,-0.4959655988866465,0.6089825903916772,,
official,10240,"[27, 6]",galerkin,,32,-1.4003234577462123,0.24651721314212938,,
official,10240,"[27, 6]",partition,,64,-0.5129356541811206,0.5987353164804895,,
official,10240,"[27, 6]",galerkin,,64,-1.4391094311060402,0.23713885315725447,,
official,10240,"[27, 6]",partition,,128,-0.5178470803960651,0.5958018817222166,,
official,10240,"[27, 6]",galerkin,,128,-1.4592105958117225,0.23241967539680383,,
