dataset,method,seeds,raw_nmse,raw_nmse_seed_range,balanced,balanced_seed_range,directional_kl,directional_kl_seed_range,mass,mass_seed_range,output_nmse,output_nmse_seed_range
fda,balanced,3,0.9496637542612384,"[0.9494254304285166, 0.9499428467211171]",0.7575950681931264,"[0.7482321516543855, 0.7632584602742828]",0.6465922723211713,"[0.6396910414834363, 0.6501645953590272]",0.11100279587195505,"[0.10854111017094922, 0.11333728015323226]",0.3981369627510896,"[0.39503923718891204, 0.4015609592166599]"
fda,exp_control,3,147190545452.8314,"[27723720952.699936, 267433225467.5398]",15309.727700005353,"[9580.350214685244, 19675.595815761146]",0.4984572666855671,"[0.49792465155489035, 0.499153917392315]",15309.22924273867,"[9579.851921454137, 19675.096661843756]",0.3384222004430523,"[0.33767408009700783, 0.3388457657237602]"
fda,factorized,3,0.8865379849619833,"[0.8827563006296975, 0.8896658275345337]",0.6670526371807804,"[0.6640441563717806, 0.6730304983166326]",0.5929885241898769,"[0.5890815684046207, 0.598581303779721]",0.07406411299090362,"[0.07278055646863915, 0.07496258796715992]",0.37122609069943513,"[0.3689544940709509, 0.3740456907859228]"
fda,factorized_both,3,0.8960502436373702,"[0.8910477655061024, 0.9024271386828306]",0.5994984351219097,"[0.5977074411657574, 0.6008940679107593]",0.5289223346461273,"[0.5281997556629243, 0.5295706101651939]",0.07057610047578246,"[0.06950768550283304, 0.07189742980049561]",0.35104916061606,"[0.34971562906976805, 0.3521811552116319]"
fda,half,3,0.935085027033284,"[0.9342548194077216, 0.9358311294114656]",0.7343046552657616,"[0.7313442591441647, 0.7361214760201106]",0.6392259852061909,"[0.6379527775110927, 0.6400900200295758]",0.09507867005957076,"[0.09339148163307184, 0.09648631794220644]",0.3927933801382209,"[0.3911147254787274, 0.3948891148010534]"
fda,kl_control,3,0.9851165008858226,"[0.985085212078977, 0.9851397310429312]",1.8653289873341448,"[1.8603602470764018, 1.870515634775482]",0.5094657462404252,"[0.5083794847976971, 0.5111677362700374]",1.3558632410937197,"[1.3515102294228607, 1.3621361499777849]",0.34287655830546915,"[0.3419482525271712, 0.3438111762672175]"
fda,logcosh,1,0.9949919025492623,"[0.9949919025492623, 0.9949919025492623]",2.130629623297871,"[2.130629623297871, 2.130629623297871]",0.7708941100967834,"[0.7708941100967834, 0.7708941100967834]",1.3597355132010875,"[1.3597355132010875, 1.3597355132010875]",0.5262973233177604,"[0.5262973233177604, 0.5262973233177604]"
fda,raw,3,0.9238101517480469,"[0.9222727382926216, 0.926220687718864]",0.939013935902126,"[0.9370013711678742, 0.9405302670981713]",0.7921915845439341,"[0.7890899749720832, 0.7942764557928992]",0.1468223513581917,"[0.1452337136474332, 0.1479113961957908]",0.44372466755581447,"[0.4420285343320527, 0.44500247382781244]"
fda,value,3,0.9559905210650093,"[0.9558301477730157, 0.9561664513132371]",0.8868571862916773,"[0.8771958918515893, 0.8959275055567302]",0.7374588923381191,"[0.7275463109140281, 0.746770060519723]",0.14939829395355828,"[0.1491574450370072, 0.14964958093756126]",0.4651356066951706,"[0.46063577636118813, 0.4715777051407526]"
fresh_wiki,balanced,3,0.9443548160806796,"[0.9439774017489296, 0.9446231784673367]",0.40818786484022035,"[0.4047904258098479, 0.41090577726862804]",0.3658706362539497,"[0.36265041914411317, 0.3684467523024555]",0.042317228586270524,"[0.0421400066657347, 0.042459024966172605]",0.27983947714066676,"[0.2786973804575806, 0.2808575509086242]"
fresh_wiki,exp_control,3,7085901546.81549,"[859718216.3445511, 13163526880.03335]",6939.356194201719,"[3989.548375671364, 9500.349678436723]",0.2623469860265374,"[0.261301593375072, 0.26303099382259065]",6939.093847215692,"[3989.2853446775416, 9500.086970065846]",0.21318242298955178,"[0.2116172958750735, 0.21490433400109432]"
fresh_wiki,factorized,3,0.8975362674759415,"[0.8918689761351059, 0.9032953988108935]",0.3586238705447573,"[0.35486280213739585, 0.3632315741147229]",0.32991396308724635,"[0.3262045003352507, 0.33419023992161034]",0.028709907457510824,"[0.028430086377274913, 0.029041334193112556]",0.24745408611585348,"[0.24167124563288145, 0.25863919283239495]"
fresh_wiki,factorized_both,3,0.8907117512394472,"[0.8832022535474351, 0.8958249111442398]",0.31656060555870624,"[0.3161939585498095, 0.3168510415580128]",0.2888932019647657,"[0.28883160298167454, 0.2889815592029507]",0.027667403593940515,"[0.02732751484013754, 0.028019438576338228]",0.22514115872737983,"[0.22462550896515054, 0.2258918651000269]"
fresh_wiki,half,3,0.9293321132693643,"[0.9283308458691221, 0.9298850102157663]",0.41567466530127034,"[0.41442010308221755, 0.4180416182648687]",0.37287786745259344,"[0.3716242167626932, 0.37517492654833406]",0.04279679784867696,"[0.04258564403546445, 0.04293805779403173]",0.2782589862913507,"[0.2712655186293846, 0.28212013044085194]"
fresh_wiki,kl_control,3,0.9789164250766951,"[0.9786840005556577, 0.9791885644844985]",1.2128152274610473,"[1.2087871949767095, 1.2189441172499558]",0.2740810750999521,"[0.27354770455251576, 0.27460200587310046]",0.9387341523610951,"[0.934185189103609, 0.9448506023757157]",0.2199915146451261,"[0.21791015009230438, 0.22323809668228248]"
fresh_wiki,logcosh,1,0.99239608814168,"[0.99239608814168, 0.99239608814168]",1.5791783078168677,"[1.5791783078168677, 1.5791783078168677]",0.45944916105889044,"[0.45944916105889044, 0.45944916105889044]",1.1197291467579773,"[1.1197291467579773, 1.1197291467579773]",0.44558067973735044,"[0.44558067973735044, 0.44558067973735044]"
fresh_wiki,raw,3,0.9201802784550889,"[0.918232709442263, 0.9211642846259025]",0.6046025078428862,"[0.6023207945756109, 0.6073334455064612]",0.5182437869115099,"[0.5157099836897765, 0.5219305043568873]",0.08635872093137627,"[0.08522992188774503, 0.08844329975680987]",0.3352547092244687,"[0.3327427116311843, 0.3387343588194801]"
fresh_wiki,value,3,0.9504720570956021,"[0.9503832890586593, 0.9505528963381884]",0.487540891952563,"[0.48131497029044046, 0.4918479149961402]",0.42217202825217615,"[0.4160317799814386, 0.4257612731490427]",0.06536886370038686,"[0.06473675894506117, 0.06608664184709752]",0.3426153588297884,"[0.3382415801248553, 0.3479039783248209]"
fresh_wiki2,balanced,3,0.9051183194064047,"[0.9048909684574677, 0.9054147311095331]",0.4157783841762299,"[0.412052240241637, 0.41875371952995055]",0.3705808055709971,"[0.36724098870872196, 0.3731790077079645]",0.045197578605232804,"[0.04481125153291507, 0.04557471182198599]",0.27912844266095543,"[0.27775226649811385, 0.28042763221311284]"
fresh_wiki2,exp_control,3,4882433259447.653,"[9714855882.445389, 14520523843389.246]",17239.84052159829,"[5466.1348133058955, 34988.15541843484]",0.26663944808740253,"[0.265768546466819, 0.26753371268398957]",17239.573882150205,"[5465.8672795932125, 34987.88964988838]",0.21624895884330422,"[0.21540725724206802, 0.21689445189733453]"
fresh_wiki2,factorized,3,0.8480501430676363,"[0.8455805172037609, 0.85144712090672]",0.36469580051477735,"[0.3627002624285047, 0.3679736927731389]",0.33474658669199253,"[0.3322713403621224, 0.33801733982277166]",0.029949213822784763,"[0.029462366451604823, 0.030428922066382265]",0.2498832084630862,"[0.24541632717884537, 0.2567768526639521]"
fresh_wiki2,factorized_both,3,0.831180839478305,"[0.8269806908388495, 0.8362320777767858]",0.32149758797722855,"[0.32137783279256144, 0.3217170539613087]",0.29271545533402443,"[0.29242096123838646, 0.2930400094106863]",0.02878213264320406,"[0.028357867767129088, 0.029296092722922218]",0.22748008206919468,"[0.2263670432465608, 0.2282842714056239]"
fresh_wiki2,half,3,0.8823924801098193,"[0.8819221114883964, 0.8832808138496642]",0.42032067477856216,"[0.4186480789751901, 0.42267419170150466]",0.375843082656458,"[0.3742755939861363, 0.3778826956405036]",0.04447759212210426,"[0.04426879531625784, 0.04479149606100109]",0.27677354039707547,"[0.2730549652014349, 0.27884206499797143]"
fresh_wiki2,kl_control,3,0.9597377669428914,"[0.9594749601181827, 0.9600613506470161]",1.226495324699793,"[1.2225776460377191, 1.2311252948882139]",0.27892394966099976,"[0.27786829601945895, 0.27997238381378814]",0.9475713750387932,"[0.943646476887967, 0.9532569988687551]",0.22134842832642895,"[0.21971675936758128, 0.22367721713151284]"
fresh_wiki2,logcosh,1,0.9915513802208498,"[0.9915513802208498, 0.9915513802208498]",1.6083558228233112,"[1.6083558228233112, 1.6083558228233112]",0.46906188538674704,"[0.46906188538674704, 0.46906188538674704]",1.1392939374365645,"[1.1392939374365645, 1.1392939374365645]",0.4448243926921558,"[0.4448243926921558, 0.4448243926921558]"
fresh_wiki2,raw,3,0.8629887911994459,"[0.8597284433511208, 0.8685618040350501]",0.6106674476663723,"[0.6068051072558738, 0.6130290881689378]",0.5188180319525832,"[0.5161910068302801, 0.5223970830119447]",0.09184941571378902,"[0.0889391012403487, 0.09683808133865768]",0.3318087561614275,"[0.33118489128181383, 0.33288624977479475]"
fresh_wiki2,value,3,0.9153932341692066,"[0.9153577342088741, 0.9154610242463483]",0.4978964439926236,"[0.49062984872625803, 0.5031945874309619]",0.4290874489952831,"[0.4222879270276676, 0.43350382675540844]",0.06880899499734043,"[0.06834192169859046, 0.06969076067555346]",0.3430378753841641,"[0.3386783624431643, 0.34842764159509]"
fresh_wiki3,aderf,5,52.213358961176404,"[2.4016343495626686, 179.298328654193]",6.82930730921318,"[5.936526129435649, 7.380912657037939]",2.141736572308978,"[2.0029256561239643, 2.3135537897281457]",4.687570736904204,"[3.9336004733116843, 5.0673588673097925]",1.9195761183618232,"[1.702764845047306, 2.4047587330944964]"
fresh_wiki3,balanced,3,0.9211414313955854,"[0.9208641468477751, 0.9216445540871148]",0.41045991688797256,"[0.4063761012611903, 0.41301873054647537]",0.3682307078600022,"[0.36453167532531616, 0.37043413182338153]",0.04222920902797037,"[0.04184442593587408, 0.042584598723093815]",0.2804576403317007,"[0.2789917094027468, 0.2822709751792779]"
fresh_wiki3,centered_favor_plus,5,17.675948922653312,"[3.1846723586461376, 37.6735595148589]",5.937142436045926,"[5.643022590183616, 6.099885875432239]",1.8412284455927987,"[1.7729559439698472, 1.8925711461587122]",4.095913990453127,"[3.7995097406003664, 4.243231045853502]",1.3399407395216634,"[1.2302192374934664, 1.4520579415664896]"
fresh_wiki3,exp_control,3,4640933360.959769,"[847836318.7822733, 9238498871.4111]",8114.168319107335,"[4868.002004212151, 10289.502264299408]",0.2633083979283315,"[0.2621291807072206, 0.2643766837975153]",8113.905010709405,"[4867.737627528354, 10289.240135118702]",0.21673854904206388,"[0.21584438489389512, 0.21750677736352633]"
fresh_wiki3,factorized_both,3,0.7752660797199938,"[0.766157569431407, 0.7808473761838746]",0.3184199010885416,"[0.3177751581203968, 0.3190367903133101]",0.29063630261599477,"[0.29023560383741775, 0.29116512475007916]",0.027783598472546866,"[0.027539554282979068, 0.0279395755714306]",0.22989029325781504,"[0.22945052713473466, 0.23055346663296572]"
fresh_wiki3,favor_plus,5,1.0185445989659312,"[1.0001350461140752, 1.0913560305429315]",13.958209691985155,"[13.0060295153398, 14.624308873487644]",2.6689834139500648,"[2.4614458047943977, 2.850907934258138]",11.289226278035091,"[10.544583710545401, 11.938871220157628]",1.908213647020542,"[1.6812251513568746, 2.21033175075166]"
fresh_wiki3,gauge_calibrated,3,0.7933646042784636,"[0.7552592234960328, 0.8261398525852484]",0.3276359309040761,"[0.32473355620482514, 0.32916906967920434]",0.2633083979283315,"[0.2621291807072206, 0.2643766837975153]",0.0643275329757446,"[0.0626043754976045, 0.06574974039894563]",0.21673854904206388,"[0.21584438489389512, 0.21750677736352633]"
fresh_wiki3,global_bal,3,2.21476029654798,"[1.402047217661179, 3.3276071472535493]",1.8462283151019079,"[1.5405256110249954, 2.1084649077014674]",0.2633083979283315,"[0.2621291807072206, 0.2643766837975153]",1.5829199171735764,"[1.2761489272274802, 1.8463357269942469]",0.21673854904206388,"[0.21584438489389512, 0.21750677736352633]"
fresh_wiki3,global_raw,3,1.938749940418786,"[1.273461712062122, 2.923730460123994]",2.2990879410259057,"[1.9963407233459667, 2.6035681377105986]",0.2633083979283315,"[0.2621291807072206, 0.2643766837975153]",2.0357795430975743,"[1.731964039548452, 2.341438957003378]",0.21673854904206388,"[0.21584438489389512, 0.21750677736352633]"
fresh_wiki3,kl_control,3,0.9735494476605439,"[0.9732551177798621, 0.9738414029059751]",1.2135835691669166,"[1.2106647027741975, 1.218677015813725]",0.27642415266678205,"[0.27567778927710274, 0.2771194847620369]",0.9371594165001346,"[0.934189518812991, 0.942999226536622]",0.22410522998245053,"[0.22256036582158037, 0.2262608615395426]"
fresh_wiki3,raw,3,0.8645923955811444,"[0.8628133538618368, 0.8674457493143106]",0.6119371338274838,"[0.6084214754940216, 0.6144023857492189]",0.5215547155365666,"[0.5190715660137992, 0.5254774196356943]",0.09038241829091721,"[0.08751012060351684, 0.0953308197354197]",0.3377612117456201,"[0.3365847806771209, 0.33968211456141695]"
fresh_wiki3,sderf,5,98.12694831415811,"[2.1532426185814604, 432.58297634235953]",8.506042115657184,"[8.02687143359669, 8.851244212027689]",2.875859534996549,"[2.7588379774333385, 2.9891330492296024]",5.630182580660635,"[5.0377383843670875, 5.935591690995034]",3.0042779293686594,"[2.2501442581575564, 3.91113924365459]"
official,balanced,3,0.9298800441783052,"[0.9296648416706186, 0.9301061401964478]",0.3685820972244689,"[0.36512249085654175, 0.37067124960465064]",0.32839098637116987,"[0.32498422209490585, 0.33052186073650797]",0.04019111085329905,"[0.0401382687616359, 0.0402856749301186]",0.25453042573334,"[0.2526167693736053, 0.2562576377859133]"
official,exp_control,3,7243728979.616092,"[371814395.6355741, 16120684682.609238]",8397.724399589091,"[4116.140911304071, 11651.973318411405]",0.2349756028325044,"[0.23477776208265516, 0.23512416120496196]",8397.48942398626,"[4115.905787142866, 11651.73854064932]",0.1916535392734711,"[0.1876076138170722, 0.19468317892606846]"
official,factorized,3,0.7761572919382725,"[0.7620467114001493, 0.7947784978585692]",0.32280008531262244,"[0.31928964882844724, 0.32828201901122733]",0.2964463094083302,"[0.2934150954385516, 0.3019435051254825]",0.02635377590429223,"[0.02587455338989566, 0.02684826043723626]",0.22291109211699967,"[0.21781716883485538, 0.23245276032077922]"
official,factorized_both,3,0.7850307812642544,"[0.7737193092000886, 0.7972904769290168]",0.28492015348456523,"[0.2840976033484106, 0.2855367297201809]",0.259534067523756,"[0.2589132992637324, 0.26010251382904515]",0.025386085960809227,"[0.025023613556059022, 0.025950340241690496]",0.20235182811139432,"[0.20002188242748475, 0.20521275988243587]"
official,half,3,0.8984878661173551,"[0.8958447932658785, 0.9004177824549048]",0.3762650688665307,"[0.3742050026765643, 0.37754042837999674]",0.3363898806811587,"[0.3345935380113856, 0.3377367552769756]",0.03987518818537206,"[0.03961146466517873, 0.040210426787916254]",0.25312325987075673,"[0.24967191151537627, 0.25582555377562893]"
official,kl_control,3,0.9717847361867507,"[0.9716001286442846, 0.9719421456987067]",1.1201173388255294,"[1.1173474168394277, 1.1225955132462633]",0.24421624584513946,"[0.24192414930167064, 0.24646936088139274]",0.8759010929803899,"[0.8730921894870727, 0.8806713639445927]",0.19549794635671533,"[0.19339341788484024, 0.197274953340309]"
official,logcosh,1,0.991783915995732,"[0.991783915995732, 0.991783915995732]",1.5652340358716788,"[1.5652340358716788, 1.5652340358716788]",0.4288910174330588,"[0.4288910174330588, 0.4288910174330588]",1.1363430184386198,"[1.1363430184386198, 1.1363430184386198]",0.43438628748268704,"[0.43438628748268704, 0.43438628748268704]"
official,raw,3,0.8644217356464307,"[0.8618881424599145, 0.8685449047884884]",0.5570988704866382,"[0.5551944866415659, 0.5580718690079021]",0.4769152470346132,"[0.4737176020641164, 0.4806629483591616]",0.08018362345202502,"[0.07736730745128508, 0.08170667832734047]",0.31066182445117846,"[0.30832825656755003, 0.3129920528893558]"
official,value,3,0.9384785432693371,"[0.9382406068156522, 0.9388714334148389]",0.4455853403993242,"[0.4395897260746212, 0.4505909034944084]",0.3813938633317195,"[0.37582813993631714, 0.38566343327484265]",0.06419147706760468,"[0.06376158613830409, 0.06492747021956577]",0.3160168585237655,"[0.31293622852401576, 0.3208351045665148]"
swde,balanced,3,0.845357731222565,"[0.844528861108572, 0.8461219663011443]",0.5140049488899714,"[0.5090959900092265, 0.5175177883386514]",0.39000350174435144,"[0.3886201261215208, 0.3910667383179361]",0.1240014471456199,"[0.1180292516912903, 0.12719414754505398]",0.3287001305491831,"[0.3261406912457786, 0.3312129489590664]"
swde,exp_control,3,800152752.9211477,"[99367259.91154441, 1741027438.3792007]",2161.66761238168,"[2053.1475961921237, 2313.1598032342577]",0.3244140386953622,"[0.31902504239593865, 0.32804328394718707]",2161.343198342985,"[2052.8285711497274, 2312.8336294445153]",0.302529095644683,"[0.30010446693370485, 0.3040994067427393]"
swde,factorized,3,0.765351084348012,"[0.7561282763136177, 0.7790531292600069]",0.49872729433394186,"[0.49620018880841243, 0.5012025685633452]",0.38662258042464487,"[0.38544364134857817, 0.38890910331704037]",0.11210471390929704,"[0.11075654745983432, 0.11326412902175184]",0.3315876818153174,"[0.3282803137601894, 0.33469341270087805]"
swde,factorized_both,3,0.7544439293252937,"[0.7496283951822748, 0.7637449009111386]",0.4505672246207267,"[0.4449969893368567, 0.4550805414058335]",0.3377593104345711,"[0.3363519825953063, 0.33932600727210177]",0.11280791418615566,"[0.1073970479005516, 0.11872855881052721]",0.3074981749726373,"[0.30723435612894817, 0.30795103337292185]"
swde,half,3,0.8083716376272486,"[0.8079661962680771, 0.8088952080357086]",0.537099638134113,"[0.5320077929460183, 0.5410233050306179]",0.4021277435050364,"[0.39805449185720204, 0.4061058505095346]",0.13497189462907663,"[0.13216196591616836, 0.13880041688224534]",0.32815544835663557,"[0.3266410449134085, 0.3304499016709258]"
swde,kl_control,3,0.9663969891676655,"[0.965997012659051, 0.9671596832014853]",1.3816411034278877,"[1.3757040700655887, 1.3898884030803071]",0.3353734920225307,"[0.3329369523294165, 0.3373386760904775]",1.046267611405357,"[1.0383653939751112, 1.0569514507508906]",0.302362679285633,"[0.2996043029217191, 0.30507462503915617]"
swde,logcosh,1,0.9480350794911556,"[0.9480350794911556, 0.9480350794911556]",1.743054119310639,"[1.743054119310639, 1.743054119310639]",0.43492495770211603,"[0.43492495770211603, 0.43492495770211603]",1.308129161608523,"[1.308129161608523, 1.308129161608523]",0.38907864581135465,"[0.38907864581135465, 0.38907864581135465]"
swde,raw,3,0.8439147055767632,"[0.8365813634220718, 0.8547735542226436]",0.733458707864926,"[0.7235709810500878, 0.7389702509431361]",0.5257048374430402,"[0.5193509607573317, 0.5365374103709046]",0.20775387042188576,"[0.2012974812306494, 0.21774410974225178]",0.3855671925947863,"[0.3798660069406179, 0.3905735700974336]"
swde,value,3,0.8631628419591969,"[0.8618125939889439, 0.8647167670103355]",0.6003440696334348,"[0.5963823723861819, 0.6035520562234332]",0.4307829150953628,"[0.42910914728518906, 0.43313277747323564]",0.16956115453807188,"[0.16727322510099274, 0.17099095976302542]",0.36074540842447256,"[0.36008707396508477, 0.3610776115017838]"
swde3,aderf,5,29.94276398443099,"[1.3513006730723356, 136.26854754817538]",7.990132503438349,"[7.513254554996108, 8.591252433616237]",2.010274215155733,"[1.7718506761036221, 2.217840910352729]",5.979858288282617,"[5.721148189440354, 6.373411523263506]",2.140675206609653,"[1.3268260859844343, 3.6385548576972004]"
swde3,balanced,3,0.7545634618446012,"[0.7524322298120432, 0.7563494920841042]",0.4736273923180119,"[0.4713534574315824, 0.475079642932135]",0.37955251472347723,"[0.37666916817300694, 0.384406424459766]",0.0940748775945347,"[0.09067321847236903, 0.09686712505265961]",0.3020753489653905,"[0.29860780415885013, 0.3038096711910916]"
swde3,centered_favor_plus,5,38.12803476833311,"[1.7770414611045293, 158.06874064194045]",5.912896491174761,"[5.618665596479469, 6.273886239161436]",1.4126370736871874,"[1.3203192124577248, 1.5020797267755897]",4.500259417487572,"[4.271877673563058, 4.781172323069191]",0.9078438445171649,"[0.7747876769658893, 1.0304948250151182]"
swde3,exp_control,3,338881275.6914678,"[39914206.8583814, 776673264.8269861]",5695.9701960220045,"[2697.1455805474275, 9054.585664221177]",0.3208385126613416,"[0.3168785352880634, 0.32417410230245924]",5695.649357509344,"[2696.8287020121397, 9054.264201320784]",0.2921148298723962,"[0.28761872162827284, 0.29563243670267597]"
swde3,factorized_both,3,0.7158842719927323,"[0.711699238638613, 0.7207985960617297]",0.4203678256095415,"[0.4094261730052028, 0.4343882359084196]",0.33130247037897687,"[0.3252791331212276, 0.3372545655940198]",0.08906535523056457,"[0.08414703988397519, 0.09713367031439979]",0.28654330520881466,"[0.28026989195225127, 0.2967859443644561]"
swde3,favor_plus,5,2.8953243025067237,"[0.9990632533830297, 10.4777126658781]",12.671636647723355,"[11.715269123688165, 13.299524053314949]",2.1687382027881767,"[1.8795901171109743, 2.439832314443694]",10.502898444935177,"[9.83567900657719, 11.045433165048614]",1.7146677241901234,"[1.3151532747336316, 2.2222134982540385]"
swde3,gauge_calibrated,3,0.7443662081638053,"[0.7085625738217862, 0.7647011189191351]",0.44896974504256537,"[0.4396203177993939, 0.4603159450767803]",0.32083851266134156,"[0.31687853528806337, 0.32417410230245924]",0.12813123238122373,"[0.11815741740589171, 0.136141842774321]",0.2921148298723961,"[0.2876187216282729, 0.29563243670267597]"
swde3,global_bal,3,1.0317614980776417,"[0.9532473633866896, 1.180838660342163]",2.0455155223285595,"[1.6902061876531227, 2.3177776307090205]",0.3208385126613416,"[0.31687853528806337, 0.32417410230245924]",1.7246770096672177,"[1.3733276523650593, 1.9963147303155184]",0.2921148298723962,"[0.28761872162827284, 0.29563243670267597]"
swde3,global_raw,3,1.3368712951528687,"[1.0881005281943688, 1.604059988041191]",2.301081466344707,"[1.9769114381881265, 2.6595642416432126]",0.3208385126613416,"[0.3168785352880634, 0.32417410230245924]",1.9802429536833654,"[1.6600329029000631, 2.3381013412497107]",0.2921148298723962,"[0.28761872162827284, 0.29563243670267597]"
swde3,kl_control,3,0.9163435905671276,"[0.9161650543503759, 0.9164429804826348]",1.4063798629673958,"[1.399228220564079, 1.419307701791673]",0.32691274297108525,"[0.3247974419273907, 0.329583464065413]",1.0794671199963108,"[1.071020202481023, 1.0945102598642826]",0.2810911107440595,"[0.2787835226893839, 0.285112920853527]"
swde3,raw,3,0.8013860427514891,"[0.7939797499230689, 0.8084734351787853]",0.6477032189367864,"[0.6407258445237111, 0.6604597633472661]",0.4817821687600318,"[0.47423669078469943, 0.4916776990461366]",0.16592105017675451,"[0.16129372807445153, 0.16878206430112946]",0.336682769470672,"[0.33441121830375387, 0.34054165381271195]"
swde3,sderf,5,203.98620177890606,"[7.39398071452297, 982.3412503760178]",8.759602939966618,"[8.291124420785021, 9.871618800939057]",2.1764140669373946,"[1.9470281444109823, 2.4218132075935106]",6.58318887302922,"[6.28339939508597, 7.449805593345543]",2.124785786296252,"[1.1802441884016082, 3.265791933743164]"
test,balanced,3,0.9262633627093355,"[0.9260681002374321, 0.926631013099428]",0.39801290791557786,"[0.3938274832920144, 0.4011900908240249]",0.3564206849489768,"[0.3525483448941687, 0.3591911268049707]",0.041592222966601144,"[0.0412791383978457, 0.04199896401905421]",0.27273023414183234,"[0.2711337431852161, 0.2742185070794412]"
test,exp_control,3,44279009330.581345,"[1653262391.851473, 122584662383.47055]",7202.14598881459,"[4239.571084527793, 9422.205497682853]",0.2570398110400616,"[0.25631473021791235, 0.25793124648482935]",7201.888949003552,"[4239.313153281309, 9421.94918295264]",0.20970316440815231,"[0.20931283713338675, 0.2100431703744285]"
test,factorized,3,0.8684941313521355,"[0.8656710755032545, 0.8702055367698169]",0.35170530679179496,"[0.3493338882604988, 0.3557781429959565]",0.32344050112838846,"[0.3208755732251139, 0.3273196379673243]",0.028264805663406473,"[0.027877596926202338, 0.02845850502863214]",0.2437454434300613,"[0.2389962238681826, 0.2526207800919007]"
test,factorized_both,3,0.8556280784867288,"[0.8494649309746377, 0.8587158081129214]",0.31016444282862893,"[0.30991383368275377, 0.3103821087368051]",0.2829290304205845,"[0.282724312895709, 0.28319516953774077]",0.027235412408044456,"[0.02704622485445004, 0.027473073170619]",0.22098714016372623,"[0.21985328281736374, 0.22190552866608965]"
test,half,3,0.9010502247103439,"[0.9004822701997862, 0.9018695450141948]",0.4053257093407517,"[0.4040166769821651, 0.4075886990361319]",0.36317186194601847,"[0.36199108703481525, 0.3651835965014959]",0.04215384739473325,"[0.042025589947349916, 0.04240510253463601]",0.2706058501632594,"[0.2644887503312579, 0.2742257758722]"
test,kl_control,3,0.970308970928082,"[0.9700939421342536, 0.9705395315217812]",1.1688989229666464,"[1.1656829868785696, 1.174476090743977]",0.26824659247767485,"[0.2678052475686113, 0.26857278968211773]",0.9006523304889714,"[0.8971101971964519, 0.9066708431753658]",0.21535410718950906,"[0.21370489952556204, 0.2178512065478411]"
test,logcosh,1,0.9913323698624286,"[0.9913323698624286, 0.9913323698624286]",1.58369193734344,"[1.58369193734344, 1.58369193734344]",0.45231288742259057,"[0.45231288742259057, 0.45231288742259057]",1.1313790499208496,"[1.1313790499208496, 1.1313790499208496]",0.4393931100125523,"[0.4393931100125523, 0.4393931100125523]"
test,raw,3,0.8819043261271583,"[0.8796196767775241, 0.8860675635018777]",0.5943879806912605,"[0.5922156053010099, 0.5977791621926021]",0.5070885037944824,"[0.5033986967086186, 0.5116899543203448]",0.08729947689677814,"[0.08603874494652604, 0.08977047787155111]",0.3252155622696385,"[0.32329292513788493, 0.327265263539674]"
test,value,3,0.93482574688526,"[0.9345880004250562, 0.9351003807352215]",0.4752908624052142,"[0.46863552084747656, 0.47970226902294655]",0.4102371640180733,"[0.4038351829784661, 0.4139915390007032]",0.06505369838714087,"[0.06465002727016882, 0.06571073002224333]",0.333556944885856,"[0.32988100722581415, 0.338135460458877]"
