dataset,method,seeds,ppl_mean,ppl_seed_range,nll_mean
fda,allocate_spectrum_raw,1,6.791037927307424,"[6.791037927307424, 6.791037927307424]",1.9156037910530965
fda,allocate_spectrum_row_mass,1,6.7921541294722685,"[6.7921541294722685, 6.7921541294722685]",1.915768141547839
fda,allocate_spectrum_sqrt_mass,1,6.791037927307424,"[6.791037927307424, 6.791037927307424]",1.9156037910530965
fda,allocate_uniform,1,6.791037927307424,"[6.791037927307424, 6.791037927307424]",1.9156037910530965
fda,allocate_validation,1,6.7907236333597085,"[6.7907236333597085, 6.7907236333597085]",1.9155575092881918
fda,balanced,3,6.793256507929409,"[6.792185205532428, 6.794550912061177]",1.9159304197463725
fda,exp_control,3,6.783609465154139,"[6.782857870850835, 6.784729843656193]",1.9145093227012289
fda,factorized,3,6.790352698980848,"[6.7901120326066176, 6.7907870416311304]",1.9155028830799792
fda,factorized_both,3,6.786843638131356,"[6.785908396995994, 6.787797681634736]",1.9149859725601142
fda,favor_plus,1,6.891174650908319,"[6.891174650908319, 6.891174650908319]",1.9302415568381548
fda,half,3,6.790574297907171,"[6.789737497820971, 6.791037927307424]",1.915535514139467
fda,kl_control,3,6.7853521406292066,"[6.784932645570305, 6.785988474430554]",1.9147661895387704
fda,old_mlp,1,6.803397012647756,"[6.803397012647756, 6.803397012647756]",1.9174220481266577
fda,raw,3,6.8010149824541655,"[6.79898565631044, 6.803171436518069]",1.9170718315160935
fda,teacher,1,6.720147422811183,"[6.720147422811183, 6.720147422811183]",1.9051100922127564
fda,value,3,6.804698624920479,"[6.802420630199556, 6.8063946202862375]",1.9176133175690968
fresh_wiki,allocate_spectrum_raw,1,8.818294155746983,"[8.818294155746983, 8.818294155746983]",2.1768284449353814
fresh_wiki,allocate_spectrum_row_mass,1,8.818833687603316,"[8.818833687603316, 8.818833687603316]",2.1768896263092756
fresh_wiki,allocate_spectrum_sqrt_mass,1,8.818294155746983,"[8.818294155746983, 8.818294155746983]",2.1768284449353814
fresh_wiki,allocate_uniform,1,8.818294155746983,"[8.818294155746983, 8.818294155746983]",2.1768284449353814
fresh_wiki,allocate_validation,1,8.814426045351663,"[8.814426045351663, 8.814426045351663]",2.1763897025957704
fresh_wiki,balanced,3,8.819855398678683,"[8.81851855355978, 8.821173234424414]",2.1770054676259556
fresh_wiki,exp_control,3,8.80837488221073,"[8.807615081088175, 8.808945360966298]",2.175702958057324
fresh_wiki,factorized,3,8.816232232645449,"[8.813819407453439, 8.818859123855036]",2.176594566864272
fresh_wiki,factorized_both,3,8.810545102986682,"[8.810239197380323, 8.81081577745891]",2.1759493108838797
fresh_wiki,favor_plus,1,8.917074804254455,"[8.917074804254455, 8.917074804254455]",2.1879679560661316
fresh_wiki,half,3,8.816822841895586,"[8.813548555444314, 8.818625814495462]",2.176661548515161
fresh_wiki,kl_control,3,8.808158656178344,"[8.8073027266399, 8.809477831098366]",2.1756784062211714
fresh_wiki,old_mlp,1,8.825965107766649,"[8.825965107766649, 8.825965107766649]",2.177697957493365
fresh_wiki,raw,3,8.819733120348502,"[8.81837520702302, 8.82078365433135]",2.176991604578992
fresh_wiki,teacher,1,8.77321298521709,"[8.77321298521709, 8.77321298521709]",2.1717031002044678
fresh_wiki,value,3,8.827684029604981,"[8.827076546798567, 8.828321617421967]",2.177892694249749
fresh_wiki2,allocate_spectrum_raw,1,8.930945124883351,"[8.930945124883351, 8.930945124883351]",2.1895222263410687
fresh_wiki2,allocate_spectrum_row_mass,1,8.93315208763586,"[8.93315208763586, 8.93315208763586]",2.1897693099454045
fresh_wiki2,allocate_spectrum_sqrt_mass,1,8.930945124883351,"[8.930945124883351, 8.930945124883351]",2.1895222263410687
fresh_wiki2,allocate_uniform,1,8.930945124883351,"[8.930945124883351, 8.930945124883351]",2.1895222263410687
fresh_wiki2,allocate_validation,1,8.930348756899535,"[8.930348756899535, 8.930348756899535]",2.1894554486498237
fresh_wiki2,balanced,3,8.933208331408144,"[8.932437017706931, 8.933603473124588]",2.189775604133805
fresh_wiki2,exp_control,3,8.922930128259646,"[8.92180488868066, 8.923804559490716]",2.1886243779833117
fresh_wiki2,factorized,3,8.92875630499492,"[8.92640105893122, 8.931583955339224]",2.189277084854742
fresh_wiki2,factorized_both,3,8.926075081944608,"[8.925454225894761, 8.92652956775683]",2.1889767764757075
fresh_wiki2,favor_plus,1,9.030474413289564,"[9.030474413289564, 9.030474413289564]",2.200604903511703
fresh_wiki2,half,3,8.930238990060937,"[8.929396548700543, 8.930945124883351]",2.189443154570957
fresh_wiki2,kl_control,3,8.923253442758726,"[8.921832990027722, 8.924940238678868]",2.1886606055001416
fresh_wiki2,old_mlp,1,8.941632656957342,"[8.941632656957342, 8.941632656957342]",2.1907181963324547
fresh_wiki2,raw,3,8.93465993904711,"[8.933668394840064, 8.936006806292783]",2.189938082359731
fresh_wiki2,teacher,1,8.879752816500382,"[8.879752816500382, 8.879752816500382]",2.183773720636964
fresh_wiki2,value,3,8.942483153593637,"[8.941174920216202, 8.943736841925883]",2.1908133014415703
fresh_wiki3,balanced,3,8.636213341924543,"[8.635550841763388, 8.636553242691441]",2.1559642146651945
fresh_wiki3,exp_control,3,8.625094512377373,"[8.62417695383885, 8.625805436864963]",2.154675917699933
fresh_wiki3,factorized_both,3,8.628679506229567,"[8.62671188580441, 8.630852213808778]",2.155091462035974
fresh_wiki3,favor_plus,1,8.719515014441756,"[8.719515014441756, 8.719515014441756]",2.1655636187642813
fresh_wiki3,gauge_calibrated,3,8.625094512377373,"[8.62417695383885, 8.625805436864963]",2.154675917699933
fresh_wiki3,kl_control,3,8.626263937153466,"[8.625086846379373, 8.62744418267059]",2.1548114893957973
fresh_wiki3,old_mlp,1,8.645204334382013,"[8.645204334382013, 8.645204334382013]",2.1570047549903393
fresh_wiki3,raw,3,8.637235036551528,"[8.634419949627675, 8.639289869680242]",2.1560824842502675
fresh_wiki3,teacher,1,8.588208201412836,"[8.588208201412836, 8.588208201412836]",2.1503901230171323
internal,allocate_spectrum_raw,1,8.65833445779501,"[8.65833445779501, 8.65833445779501]",2.1585223781876266
internal,allocate_spectrum_row_mass,1,8.658452535393494,"[8.658452535393494, 8.658452535393494]",2.1585360155440867
internal,allocate_spectrum_sqrt_mass,1,8.65833445779501,"[8.65833445779501, 8.65833445779501]",2.1585223781876266
internal,allocate_uniform,1,8.65833445779501,"[8.65833445779501, 8.65833445779501]",2.1585223781876266
internal,allocate_validation,1,8.6553670643135,"[8.6553670643135, 8.6553670643135]",2.1581795983947814
internal,balanced,3,8.658708548517621,"[8.658335489948971, 8.659248776702498]",2.1585655820866427
internal,exp_control,3,8.648003075275417,"[8.64727465242451, 8.64845618735817]",2.1573284341332815
internal,factorized,3,8.655892550920932,"[8.654936431465853, 8.656395205408636]",2.158240305725485
internal,factorized_both,3,8.651037679998176,"[8.650452387851324, 8.651340586889356]",2.157679275609553
internal,favor_plus,1,8.74791658654946,"[8.74791658654946, 8.74791658654946]",2.168815567623824
internal,half,3,8.656355223438537,"[8.654562587772148, 8.65833445779501]",2.1582937431521714
internal,kl_control,3,8.649697185164898,"[8.648910791398709, 8.65053279877008]",2.1575243098971746
internal,old_mlp,1,8.669130210720944,"[8.669130210720944, 8.669130210720944]",2.1597684640437365
internal,raw,3,8.662179120015677,"[8.660994618099894, 8.6632016406908]",2.15896631591022
internal,teacher,1,8.613259334202136,"[8.613259334202136, 8.613259334202136]",2.1533027989789844
internal,value,3,8.666672698122206,"[8.666308266443805, 8.666986021571455]",2.1594849447719753
official,allocate_spectrum_raw,1,8.989748199218884,"[8.989748199218884, 8.989748199218884]",2.1960848391056063
official,allocate_spectrum_row_mass,1,8.992438740034917,"[8.992438740034917, 8.992438740034917]",2.196384084224701
official,allocate_spectrum_sqrt_mass,1,8.989748199218884,"[8.989748199218884, 8.989748199218884]",2.1960848391056063
official,allocate_uniform,1,8.989748199218884,"[8.989748199218884, 8.989748199218884]",2.1960848391056063
official,allocate_validation,1,8.989666163905664,"[8.989666163905664, 8.989666163905664]",2.196075713634491
official,balanced,3,8.99760248369646,"[8.993422176708528, 9.001909273082102]",2.1969580769538877
official,exp_control,3,8.977942376040803,"[8.97699735217701, 8.979036310224831]",2.1947707176208495
official,factorized,3,8.982748336942803,"[8.978200271785314, 8.987424494470346]",2.195305798451106
official,factorized_both,3,8.98194449567835,"[8.980457786360146, 8.983122522879405]",2.1952163875102997
official,favor_plus,1,9.08363796323304,"[9.08363796323304, 9.08363796323304]",2.206474769115448
official,half,3,8.988003884470665,"[8.984409749280827, 8.989853704912285]",2.1958907465140025
official,kl_control,3,8.979391766728764,"[8.974630190343834, 8.982079982738075]",2.1949320773283643
official,old_mlp,1,9.00687871990666,"[9.00687871990666, 9.00687871990666]",2.197988587617874
official,raw,3,8.998101472087443,"[8.995158180486863, 9.00243731293896]",2.1970135470231376
official,teacher,1,8.91560761547161,"[8.91560761547161, 8.91560761547161]",2.1878034055233
official,value,3,9.007822722624262,"[9.006441464724169, 9.009341166212627]",2.1980933825174964
swde,allocate_spectrum_raw,1,17.76290548932994,"[17.76290548932994, 17.76290548932994]",2.8771123215556145
swde,allocate_spectrum_row_mass,1,17.759719373723584,"[17.759719373723584, 17.759719373723584]",2.876932936410109
swde,allocate_spectrum_sqrt_mass,1,17.76290548932994,"[17.76290548932994, 17.76290548932994]",2.8771123215556145
swde,allocate_uniform,1,17.76290548932994,"[17.76290548932994, 17.76290548932994]",2.8771123215556145
swde,allocate_validation,1,17.757909678169316,"[17.757909678169316, 17.757909678169316]",2.876831032335758
swde,balanced,3,17.755990070931137,"[17.753051862934942, 17.75918317617763]",2.876722917788559
swde,exp_control,3,17.75409722986843,"[17.753043265351682, 17.75589881782794]",2.876616316537062
swde,factorized,3,17.764477562401506,"[17.7637620842006, 17.764889789017445]",2.877200820379787
swde,factorized_both,3,17.759295380074295,"[17.753030655570424, 17.762969543921578]",2.8769090308083425
swde,favor_plus,1,18.191664057470252,"[18.191664057470252, 18.191664057470252]",2.900963470339775
swde,half,3,17.761876346233006,"[17.75894121555475, 17.76378233381433]",2.877054375078943
swde,kl_control,3,17.753125181136355,"[17.75030080471236, 17.755460849325253]",2.8765615597367287
swde,old_mlp,1,17.77026922145957,"[17.77026922145957, 17.77026922145957]",2.8775267923871675
swde,raw,3,17.77397068424896,"[17.772658209861447, 17.77625955645878]",2.8777350617779622
swde,teacher,1,17.613299602914406,"[17.613299602914406, 17.613299602914406]",2.8686542759339013
swde,value,3,17.765355329474332,"[17.761258192231438, 17.76989025593596]",2.8772502111064058
swde3,balanced,3,12.996211903886243,"[12.992232177343865, 12.998838769237185]",2.5646578987439472
swde3,exp_control,3,13.000087763037309,"[12.98622579126261, 13.008342498591238]",2.5649558206399283
swde3,factorized_both,3,12.996942238922742,"[12.990304458083553, 13.003091441180176]",2.5647140363852183
swde3,favor_plus,1,13.182933657198193,"[13.182933657198193, 13.182933657198193]",2.5789230883121492
swde3,gauge_calibrated,3,13.000087763037309,"[12.98622579126261, 13.008342498591238]",2.5649558206399283
swde3,kl_control,3,12.995366698010685,"[12.990369033403116, 12.99907252583415]",2.5645928462346395
swde3,old_mlp,1,13.008423523716305,"[13.008423523716305, 13.008423523716305]",2.5655971109867095
swde3,raw,3,13.01060528453518,"[13.007280069413923, 13.015956101537924]",2.565764772891998
swde3,teacher,1,12.934820591001786,"[12.934820591001786, 12.934820591001786]",2.5599229454994203
