dataset,samples_per_marginal,pairs_per_head,head,m,signed_floor_lower,signed_floor_upper,compression_residual_fraction,positive_nmse,partition_projection_nmse,mean_estimation_gap,positive_idiv_per_mass,train_galerkin_signed_nmse,train_anchor_nystrom_signed_nmse,log_raw_second_moment
moment_train,16384,268435456,L14H0,16,0.001557207195470547,0.17150179121387385,0.16994458401840332,,0.29488199462315967,,,0.17663261162047883,0.21766784132226374,0.31631001018129723
moment_train,16384,268435456,L14H0,32,0.00029812279707778236,0.17024270681548095,0.16994458401840318,,0.21547354601783514,,,0.17580117819554358,0.9809404830436436,0.31631001018129723
moment_train,16384,268435456,L14H0,64,6.73323971399784e-05,0.1700119164155432,0.1699445840184032,,0.19829632836256939,,,0.17562702787915638,0.9871653251348582,0.31631001018129723
moment_train,16384,268435456,L14H0,128,7.071893775300867e-06,0.16995165591217853,0.16994458401840323,,0.19267093935852897,,,0.17558647890728718,6.426930750984767,0.31631001018129723
moment_train,16384,268435456,L14H6,16,0.008755984225605177,0.2293578970813467,0.22060191285574154,,0.2766335745978103,,,0.24552083490590332,0.2831967656245255,-2.062909905793303
moment_train,16384,268435456,L14H6,32,0.004382346435165885,0.22498425929090748,0.2206019128557416,,0.27439389338789344,,,0.24076288403167062,0.29107703026057646,-2.062909905793303
moment_train,16384,268435456,L14H6,64,0.001468472143422227,0.22207038499916387,0.22060191285574166,,0.2729616554914366,,,0.23793864835611284,0.29500297239614764,-2.062909905793303
moment_train,16384,268435456,L14H6,128,0.0002078336517868315,0.2208097465075285,0.22060191285574166,,0.27167991115769863,,,0.23662242431899075,0.3605424006313188,-2.062909905793303
moment_train,16384,268435456,L27H0,16,0.059417310896572754,0.330398143226239,0.27098083232966624,,0.677821411253694,,,0.37555258350433535,0.5633905587285948,12.018117707613104
moment_train,16384,268435456,L27H0,32,0.025946501720434008,0.29692733405010024,0.27098083232966624,,0.6645376908694309,,,0.3346620128869827,0.8089690792595168,12.018117707613104
moment_train,16384,268435456,L27H0,64,0.008187470487962752,0.27916830281762894,0.2709808323296662,,0.6524453303611607,,,0.31287705030086627,0.7986649254445257,12.018117707613104
moment_train,16384,268435456,L27H0,128,0.0012337867639019976,0.2722146190935681,0.2709808323296661,,0.6431865327239872,,,0.3041925048726758,0.8692654854223166,12.018117707613104
moment_train,16384,268435456,L27H6,16,0.03256736894898946,0.21456541370894336,0.1819980447599539,,0.5954791717672917,,,0.24795372634857746,0.3925314910308192,17.328562030817004
moment_train,16384,268435456,L27H6,32,0.01286834150687314,0.19486638626682698,0.18199804475995385,,0.5832008968261677,,,0.22152511588661494,0.36800807862060075,17.328562030817004
moment_train,16384,268435456,L27H6,64,0.003642282914139113,0.18564032767409308,0.18199804475995396,,0.5729845963155389,,,0.2087070639194184,0.3597863073935718,17.328562030817004
moment_train,16384,268435456,L27H6,128,0.0005217300956887317,0.18251977485564264,0.1819980447599539,,0.5643883584278666,,,0.20364683565156214,0.4109999703120499,17.328562030817004
moment_train,65536,4294967296,L14H0,16,0.0008945025507527418,0.13533408553608628,0.13443958298533354,,0.2453426476035667,,,0.13533408553608742,0.16326351683549867,0.27311043126742973
moment_train,65536,4294967296,L14H0,32,0.00020420098787162378,0.13464378397320503,0.1344395829853334,,0.1841797117558727,,,0.13464378397320648,1.0788061244117375,0.27311043126742973
moment_train,65536,4294967296,L14H0,64,4.9506961947606237e-05,0.134489089947281,0.1344395829853334,,0.17027431386456762,,,0.13448908994728204,1.0862065676682247,0.27311043126742973
moment_train,65536,4294967296,L14H0,128,6.106129703071352e-06,0.13444568911503652,0.13443958298533346,,0.16594396432468633,,,0.13444568911503724,5.392514671081384,0.27311043126742973
moment_train,65536,4294967296,L14H6,16,0.006681448876644856,0.41194981910322237,0.4052683702265775,,0.43620737523505343,,,0.41194981910322015,0.4321901953505222,-1.7262627681234264
moment_train,65536,4294967296,L14H6,32,0.0031004886886682173,0.4083688589152458,0.40526837022657763,,0.4348614570005627,,,0.40836885891524344,0.43394592204658855,-1.7262627681234264
moment_train,65536,4294967296,L14H6,64,0.0010579649318307963,0.40632633515840844,0.40526837022657763,,0.43391235048198507,,,0.4063263351584061,0.43626214659308105,-1.7262627681234264
moment_train,65536,4294967296,L14H6,128,0.00015681523995030294,0.405425185466528,0.4052683702265777,,0.4333974178292656,,,0.4054251854665256,0.45528750104317234,-1.7262627681234264
moment_train,65536,4294967296,L27H0,16,0.05409043424062023,0.360955974274875,0.3068655400342548,,0.7183333255386327,,,0.36095597427487575,0.5957691106462987,12.267003278090232
moment_train,65536,4294967296,L27H0,32,0.02378278739581056,0.3306483274300653,0.3068655400342547,,0.7079022261975453,,,0.33064832743006606,0.8161974698429858,12.267003278090232
moment_train,65536,4294967296,L27H0,64,0.008125704423294538,0.3149912444575493,0.30686554003425476,,0.6990851828587703,,,0.3149912444575502,0.7456429888575937,12.267003278090232
moment_train,65536,4294967296,L27H0,128,0.0012587984558851191,0.3081243384901398,0.3068655400342547,,0.6923376036783567,,,0.3081243384901408,0.8002426493717915,12.267003278090232
moment_train,65536,4294967296,L27H6,16,0.02450256435246379,0.22628226079571126,0.20177969644324747,,0.7116316965218944,,,0.22628226079571134,0.4057252705531077,18.034670071371792
moment_train,65536,4294967296,L27H6,32,0.009516871424167359,0.21129656786741496,0.2017796964432476,,0.7020621820326194,,,0.21129656786741488,0.386370605243575,18.034670071371792
moment_train,65536,4294967296,L27H6,64,0.0027416940589514004,0.20452139050219878,0.2017796964432474,,0.6951182487637348,,,0.2045213905021987,0.3818100106476367,18.034670071371792
moment_train,65536,4294967296,L27H6,128,0.0003785896001482538,0.2021582860433956,0.20177969644324736,,0.6914521104966532,,,0.2021582860433959,0.42752085365034503,18.034670071371792
internal,8192,67108864,L14H0,16,0.0014793280269331786,0.18317702825501198,0.1816977002280788,0.32832385347008947,0.3097954599623613,0.018528393507728103,0.5631162995794291,0.20349257552474684,0.23397408770650024,0.21851374574271532
internal,8192,67108864,L14H0,32,0.0002727481763029828,0.1819704484043818,0.18169770022807882,0.24735049340905316,0.22641797137603614,0.020932522033016817,0.43294743924145146,0.20392447622508936,2.2059806047529715,0.21851374574271532
internal,8192,67108864,L14H0,64,5.465820823577089e-05,0.1817523584363144,0.18169770022807863,0.22226346117734105,0.18812770686799368,0.03413575430934712,0.33769058417751097,0.20340516960847235,2.2247159543758492,0.21851374574271532
internal,8192,67108864,L14H0,128,6.6331967465944275e-06,0.1817043334248253,0.1816977002280787,0.22150484430245063,0.18376825272535632,0.03773659157709449,0.2875731189789581,0.20355367618060582,13.686552437436605,0.21851374574271532
internal,8192,67108864,L14H6,16,0.010756220048191252,0.192556949129387,0.18180072908119577,0.30385795498844737,0.30367729934873183,0.00018065563971510584,0.9982674111965795,0.2906766533118709,0.30371674671294313,-2.1379768190931987
internal,8192,67108864,L14H6,32,0.005013395640295717,0.18681412472149156,0.18180072908119585,0.3023916011481369,0.3016466777956883,0.0007449233524487654,0.9436647932382887,0.28676754432902013,0.31411351365966206,-2.1379768190931987
internal,8192,67108864,L14H6,64,0.001527757066711289,0.18332848614790717,0.18180072908119588,0.3016794592378874,0.2998483599155196,0.0018310993223674792,0.8593170272960923,0.2832949928263468,0.33070990349352775,-2.1379768190931987
internal,8192,67108864,L14H6,128,0.00019305143099591427,0.1819937805121917,0.1818007290811958,0.3011596209773031,0.2983573908525837,0.002802230124719199,0.7906439790293618,0.2816924840113838,0.33908338665018667,-2.1379768190931987
internal,8192,67108864,L27H0,16,0.0010272244101794423,0.1973255057223396,0.19629828131216015,0.9852505727293556,0.9692628738167569,0.01598769891259875,1.1613703405078362,0.8922253932962794,0.88723526449747,15.85082741357506
internal,8192,67108864,L27H0,32,0.00045512534505383855,0.1967534066572139,0.19629828131216004,0.9845821516671451,0.9638330121003165,0.020749139566828622,1.062085965657247,0.8802091180611977,0.7786731021152339,15.85082741357506
internal,8192,67108864,L27H0,64,0.00014446851012966654,0.1964427498222897,0.19629828131216004,0.9844112591333133,0.9635000468503673,0.02091121228294605,0.9548290544231463,0.8714491555707532,0.7482579522715475,15.85082741357506
internal,8192,67108864,L27H0,128,2.163568572178305e-05,0.19631991699788187,0.1962982813121601,0.9842448572494369,0.9631771413548066,0.02106771589463027,0.8864677147583923,0.8687220491854158,0.7317460747597285,15.85082741357506
internal,8192,67108864,L27H6,16,0.009568240845159365,0.37103073901615136,0.36146249817099196,0.6943699895351998,0.6604211863143497,0.03394880322085005,0.9978279151714803,0.4634267366015937,0.5081733565867755,18.366941143797337
internal,8192,67108864,L27H6,32,0.0035871886364551376,0.3650496868074471,0.36146249817099196,0.6850460121412364,0.6369011748007171,0.04814483734051941,0.8318012656140091,0.44735405823488844,0.49660968779483405,18.366941143797337
internal,8192,67108864,L27H6,64,0.0010293735880784658,0.3624918717590704,0.3614624981709919,0.6801364183599649,0.6288339032755123,0.051302515084452514,0.7711290376601254,0.43676339592679986,0.48651552567983003,18.366941143797337
internal,8192,67108864,L27H6,128,0.0001334907325815418,0.3615959889035736,0.361462498170992,0.6778177413913226,0.61039759540733,0.06742014598399258,0.7044481509006247,0.4339770434328325,0.4923959638626525,18.366941143797337
internal,32768,1073741824,L14H0,16,0.0008347023185217927,0.1823536603878931,0.18151895806937132,0.3023772706814359,0.3007751475886743,0.0016021230927617577,0.5154223731525891,0.19165576191372696,0.22785304922575408,0.23770122531232296
internal,32768,1073741824,L14H0,32,0.00021378089883106362,0.18173273896820208,0.18151895806937102,0.22677871655992618,0.22293190415502476,0.0038468124049012664,0.4049252650901557,0.19149945330928045,2.5322750348587597,0.23770122531232296
internal,32768,1073741824,L14H0,64,4.9852334798395756e-05,0.18156881040416953,0.18151895806937113,0.20998111611071743,0.204179463051946,0.0058016530587711845,0.3320712562484933,0.19170401110951057,2.544709551203993,0.23770122531232296
internal,32768,1073741824,L14H0,128,6.302690015554752e-06,0.1815252607593867,0.18151895806937113,0.20729021162628508,0.20020981067857888,0.007080400947705975,0.27340902092557157,0.19187954337312726,9.716172114847557,0.23770122531232296
internal,32768,1073741824,L14H6,16,0.011134630450561381,0.29237912332434435,0.28124449287378295,0.32221551812346855,0.32210842793460803,0.00010709018886036235,0.975976643856833,0.3120370798873768,0.31741221369301453,-2.0607772124130843
internal,32768,1073741824,L14H6,32,0.005773982510657342,0.28701847538444025,0.2812444928737829,0.3205868549290223,0.32029909191628275,0.00028776301273949817,0.9114606637250591,0.3118600183741561,0.3296994421009989,-2.0607772124130843
internal,32768,1073741824,L14H6,64,0.0019514241935430774,0.283195917067326,0.28124449287378295,0.3198271178159136,0.319168078026598,0.000659039789315356,0.8294969141706174,0.31245857827000173,0.34376076986202125,-2.0607772124130843
internal,32768,1073741824,L14H6,128,0.00027801694297316083,0.2815225098167559,0.2812444928737828,0.3192296974913748,0.31824275890244047,0.0009869385889336461,0.752339163736784,0.3138587937614036,0.388128891488731,-2.0607772124130843
internal,32768,1073741824,L27H0,16,0.015356964197238974,0.5093760518880531,0.49401908769081415,0.9214638562311883,0.9197850085272568,0.0016788477039317317,1.1101559139128143,0.7725647903480096,0.8045639578460335,13.374754751040141
internal,32768,1073741824,L27H0,32,0.007154000684483726,0.501173088375298,0.4940190876908142,0.9185101478640483,0.9156372190334389,0.002872928830609514,1.0073827023251842,0.755931382447554,0.7367289447589992,13.374754751040141
internal,32768,1073741824,L27H0,64,0.0024100948886013407,0.4964291825794155,0.49401908769081415,0.9162572704490347,0.9127946491912317,0.0034626212578030896,0.89721044567216,0.7461909728314542,0.7297906924280189,13.374754751040141
internal,32768,1073741824,L27H0,128,0.0003729384581162489,0.4943920261489305,0.49401908769081426,0.9144850051100284,0.9106469683972258,0.003838036712802536,0.8236715735836064,0.7431272054074443,0.7453171791550776,13.374754751040141
internal,32768,1073741824,L27H6,16,0.03729334946834784,0.27541042058059834,0.2381170711122505,0.6469382600413757,0.6390550522656299,0.007883207775745856,1.0346292593786777,0.35559420960403626,0.4228075236557599,17.261300959040963
internal,32768,1073741824,L27H6,32,0.014932617069496106,0.25304968818174656,0.23811707111225044,0.6359301513491737,0.6262982585550543,0.009631892794119343,0.8583241274661956,0.32551311790184134,0.3939986041598921,17.261300959040963
internal,32768,1073741824,L27H6,64,0.004532378855592872,0.24264944996784338,0.2381170711122505,0.6274469544209343,0.6165083252353498,0.010938629185584577,0.798462292205186,0.31257509283393015,0.3986415231414299,17.261300959040963
internal,32768,1073741824,L27H6,128,0.0006376853771933129,0.2387547564894437,0.2381170711122504,0.624283136555809,0.6110994947232269,0.013183641832582103,0.7244197934816692,0.3058863706644667,0.4319515871210637,17.261300959040963
internal,131072,17179869184,L14H0,16,0.0007923917906517071,0.16642900559295595,0.16563661380230424,0.2718942970329921,0.2707545437759411,0.001139753257050521,0.4487852679108052,0.17144137505973858,0.19405923085038848,0.28035995217022247
internal,131072,17179869184,L14H0,32,0.00016559192212643994,0.16580220572443066,0.1656366138023042,0.22054438176749944,0.21855139560194992,0.0019929861655492253,0.3656239235190745,0.17129151114046443,1.4983157739413906,0.28035995217022247
internal,131072,17179869184,L14H0,64,4.478951040514931e-05,0.16568140331270953,0.16563661380230438,0.2065490600260428,0.20337450194470666,0.0031745580813359823,0.3003494280816566,0.17172238499482154,1.531004684418273,0.28035995217022247
internal,131072,17179869184,L14H0,128,5.797644823189098e-06,0.16564241144712752,0.16563661380230432,0.20328245484317584,0.19934677757967537,0.003935677263499828,0.2508218732339144,0.17180030700867427,7.010199077917488,0.28035995217022247
internal,131072,17179869184,L14H6,16,0.006248646998232132,0.4537521654421487,0.44750351844391656,0.4693033231953576,0.46925900072150484,4.4322473852764623e-05,0.8665594713289031,0.47051337991759645,0.47174400163827507,-1.6636806191881561
internal,131072,17179869184,L14H6,32,0.0033601922428253624,0.4508637106867419,0.44750351844391656,0.46815731560686913,0.4680508406779259,0.00010647492894325176,0.8088863428682136,0.47592195535435433,0.4733372983859851,-1.6636806191881561
internal,131072,17179869184,L14H6,64,0.001285780147787762,0.4487892985917044,0.44750351844391667,0.4676562612841022,0.46736196357348003,0.00029429771062204895,0.7346103337684007,0.4776358095613762,0.48714982556619596,-1.6636806191881561
internal,131072,17179869184,L14H6,128,0.00019142967905406852,0.44769494812297056,0.4475035184439165,0.4672798584008883,0.46688959224756055,0.0003902661533276735,0.6687967029387122,0.4793719385114526,0.5256890572575732,-1.6636806191881561
internal,131072,17179869184,L27H0,16,0.043347640794486254,0.46111300252524856,0.4177653617307623,0.7980923685001348,0.7962351892389373,0.0018571792611975254,1.0951949050698606,0.5526471507143726,0.6715560191077452,12.445413592801964
internal,131072,17179869184,L27H0,32,0.019797758219244604,0.43756311995000685,0.41776536173076223,0.7905412835861951,0.7881017435045525,0.0024395400816426822,0.9932133106619173,0.5256347711743983,0.7528943139935779,12.445413592801964
internal,131072,17179869184,L27H0,64,0.006677600872862012,0.42444296260362435,0.41776536173076234,0.7842004236075844,0.781123435198499,0.003076988409085274,0.8848286474528784,0.5123278922694695,0.7319921353476319,12.445413592801964
internal,131072,17179869184,L27H0,128,0.0010730956354381418,0.41883845736620046,0.41776536173076234,0.7795995964771218,0.7759799875421971,0.0036196089349247924,0.8122919632633047,0.5071933307563775,0.7784648896712816,12.445413592801964
internal,131072,17179869184,L27H6,16,0.0403020836227986,0.30210099165986776,0.2617989080370692,0.6764414241266774,0.6628396602308713,0.013601763895806187,1.024376298143383,0.3579283892189094,0.42917069956440473,17.42094091290422
internal,131072,17179869184,L27H6,32,0.01650574883559879,0.27830465687266803,0.26179890803706923,0.6674977673963145,0.6525644759600242,0.014933291436290193,0.850476731957662,0.3308226434413819,0.39898244497900126,17.42094091290422
internal,131072,17179869184,L27H6,64,0.005118082269570956,0.26691699030664007,0.2617989080370691,0.6608479866292619,0.6444379284969189,0.016410058132342933,0.7904361288127927,0.31808501779777004,0.40174319937531894,17.42094091290422
internal,131072,17179869184,L27H6,128,0.000742164193666596,0.26254107223073575,0.2617989080370692,0.6584147241752653,0.6404483508520141,0.01796637332325125,0.7178599551658817,0.3121851187228054,0.43014166995478414,17.42094091290422
official,2560,6553600,L14H0,16,0.00023362936429189516,0.007530444548912928,0.007296815184621033,0.0899670690842312,0.04266146274506742,0.04730560633916384,0.11741638835220669,0.03152954869802388,0.03326429215631561,1.2966746570939574
official,2560,6553600,L14H0,32,6.176613970225995e-05,0.007358581324323305,0.007296815184621045,0.03467854348704157,0.03047486329793682,0.004203680189104348,0.10227771611014247,0.031322889122765166,0.05211345784415229,1.2966746570939574
official,2560,6553600,L14H0,64,1.1209967568072469e-05,0.007308025152189267,0.007296815184621195,0.030717405414638427,0.026088054168242177,0.004629351246395869,0.08462744739658819,0.03165650267094606,0.052455843416895784,1.2966746570939574
official,2560,6553600,L14H0,128,7.483250541707951e-07,0.007297563509675331,0.00729681518462116,0.03015445482940953,0.02491864910970437,0.005235805719704404,0.07152775496326827,0.03169747166385706,0.14043397556656462,1.2966746570939574
official,2560,6553600,L14H6,16,0.006371104582425385,0.17849494468198954,0.17212384009956416,0.2992855157458664,0.29908641861949425,0.00019909712637218135,0.49699658295656657,0.2902764256647463,0.2891659196380411,-0.5966248906652236
official,2560,6553600,L14H6,32,0.0015656837935894546,0.1736895238931537,0.17212384009956425,0.29801298721206826,0.2964815629275017,0.0015314242845665695,0.4649970181798596,0.2889575862350873,0.2858559293911371,-0.5966248906652236
official,2560,6553600,L14H6,64,0.00030159931243474295,0.17242543941199873,0.172123840099564,0.29767273450610937,0.2930517011828402,0.0046210333232689915,0.42566293472601086,0.2877436478562815,0.2890939154471682,-0.5966248906652236
official,2560,6553600,L14H6,128,2.396282924522727e-05,0.17214780292880913,0.1721238400995639,0.2974135486673197,0.29056614080152965,0.006847407865789831,0.39182808639319183,0.28763933773531963,0.293116504694382,-0.5966248906652236
official,2560,6553600,L27H0,16,0.014026674600211467,0.09292751816027756,0.07890084356006609,0.6417210655802166,0.5395971510792827,0.1021239145009338,0.9047838345674711,0.24314168875213926,0.35347069910795276,13.126046716954013
official,2560,6553600,L27H0,32,0.004996382437183617,0.08389722599724947,0.07890084356006585,0.6262513207382268,0.5078561089608584,0.11839521177736828,0.8166612605627495,0.21083650023264255,0.3004654474515548,13.126046716954013
official,2560,6553600,L27H0,64,0.0012877260963139756,0.08018856965637987,0.0789008435600659,0.6106315271327407,0.4677497804074088,0.1428817467253319,0.7204855784839904,0.1933648808760737,0.24606340157397355,13.126046716954013
official,2560,6553600,L27H0,128,0.00013769810057417286,0.07903854166063996,0.07890084356006578,0.5998538722100971,0.39387690687614685,0.2059769653339503,0.6669361289344515,0.19261578465452045,0.25080027003267763,13.126046716954013
official,2560,6553600,L27H6,16,0.0047627924623937805,0.08688246857857142,0.08211967611617764,0.49606537384692706,0.44649530764737766,0.04957006619954947,0.7670808416577986,0.19017294531006926,0.2638984341737677,19.110928694948647
official,2560,6553600,L27H6,32,0.0014517280090898957,0.08357140412526741,0.08211967611617751,0.4885134950283702,0.42584382857480463,0.06266966645356555,0.6628342469017902,0.1672229592128681,0.24278315740524792,19.110928694948647
official,2560,6553600,L27H6,64,0.0003271010663560356,0.0824467771825338,0.08211967611617776,0.4781969673946127,0.41085826152703575,0.06733870586757705,0.6235961749737258,0.16040639640785642,0.22368163424705495,19.110928694948647
official,2560,6553600,L27H6,128,3.2853608489129586e-05,0.08215252972466676,0.08211967611617763,0.4751059794936513,0.3958341779821158,0.07927180151153558,0.5754652475370285,0.15551054582337503,0.2178389812970018,19.110928694948647
official,10240,104857600,L14H0,16,0.0022515079108200243,0.20146919865935053,0.19921769074853052,0.3352531492315558,0.3280860732203286,0.007167076011227868,0.5357659240115711,0.22040622200832688,0.2545400761298962,0.4289308358353967
official,10240,104857600,L14H0,32,0.000502253330765668,0.19971994407929636,0.19921769074853068,0.26483074234610715,0.2510949341414064,0.013735808204700892,0.45439020328740803,0.21895665482177445,0.6022442162623253,0.4289308358353967
official,10240,104857600,L14H0,64,0.00014560976680528444,0.19936330051533582,0.19921769074853055,0.2541343343327886,0.23337984518924573,0.020754489143543192,0.393278320052817,0.21968256317139537,0.6073342226517174,0.4289308358353967
official,10240,104857600,L14H0,128,1.473622148501007e-05,0.19923242697001556,0.19921769074853055,0.2512681949371369,0.22835012075405312,0.022918074183083944,0.3370902305667365,0.21968807177811236,4.8354312125618755,0.4289308358353967
official,10240,104857600,L14H6,16,0.0018330576362015378,0.8425316913089114,0.8406986336727098,0.9457748284436219,0.9457304219883617,4.440645526029204e-05,1.215497482489225,0.9439715268360386,0.9448893612268064,0.650122430825701
official,10240,104857600,L14H6,32,0.0006803466865770239,0.8413789803592868,0.8406986336727098,0.9456397524837092,0.9455031509290065,0.00013660155470274226,1.1491273593952358,0.9433408405313458,0.9441099174157679,0.650122430825701
official,10240,104857600,L14H6,64,0.0001818219285909506,0.8408804556013008,0.8406986336727098,0.9455909776172428,0.9449571067752552,0.0006338708419875112,1.0741539726627314,0.9426877497351346,0.9449312230019865,0.650122430825701
official,10240,104857600,L14H6,128,1.991283917893198e-05,0.8407185465118888,0.8406986336727099,0.9455365854293832,0.9431757523258913,0.002360833103491881,1.012499540023832,0.9422941246728548,0.9460375667082264,0.650122430825701
official,10240,104857600,L27H0,16,0.03347158500263937,0.27245187515969915,0.2389802901570598,0.7124067325599851,0.7022262761258344,0.01018045643415067,1.0525493119632912,0.4378588618933074,0.5594919861322353,12.367932512213484
official,10240,104857600,L27H0,32,0.013701388485303799,0.2526816786423636,0.23898029015705982,0.7018858997386903,0.6889186057904568,0.012967293948233524,0.9535369680738081,0.409037677707987,0.507262775215493,12.367932512213484
official,10240,104857600,L27H0,64,0.004101247168910582,0.24308153732597043,0.23898029015705985,0.6879134529527817,0.6663108615313081,0.021602591421473655,0.8558391589305979,0.38382153232467886,0.45487843250369187,12.367932512213484
official,10240,104857600,L27H0,128,0.0005526616470719618,0.23953295180413173,0.23898029015705977,0.679045336596267,0.6517795515839261,0.027265785012340983,0.7904989032775118,0.3743988252137313,0.4383579940741547,12.367932512213484
official,10240,104857600,L27H6,16,0.012013857141825143,0.18097488943641665,0.1689610322945915,0.6238019593806793,0.5890832640040955,0.03471869537658379,1.033336130326452,0.26482831741647717,0.35415727106388845,18.238113385193948
official,10240,104857600,L27H6,32,0.004284014039712017,0.17324504633430365,0.16896103229459164,0.6089825903916772,0.5671188017700997,0.041863788621577615,0.8753552939464782,0.24651721314212938,0.33603085539012245,18.238113385193948
official,10240,104857600,L27H6,64,0.0011143956686393642,0.17007542796323102,0.16896103229459167,0.5987353164804895,0.5536988022145818,0.0450365142659076,0.8159659612840908,0.23713885315725447,0.3099813970398163,18.238113385193948
official,10240,104857600,L27H6,128,0.0001457351699914164,0.16910676746458295,0.16896103229459153,0.5958018817222166,0.5449576891931119,0.050844192529104645,0.7480105570651393,0.23241967539680383,0.2999851766787559,18.238113385193948
disjoint_ab,16384,268435456,L14H0,16,0.000978292597689891,0.16908805311533948,0.1681097605176496,0.26133514546331493,0.25643746663822675,0.004897678825087476,0.44873236651947507,0.1800921067974468,0.2081974748674512,0.14551835646808797
disjoint_ab,16384,268435456,L14H0,32,0.00021302974301989674,0.1683227902606695,0.16810976051764961,0.2182808023952271,0.2082940959164022,0.009986706478825016,0.3650512511566105,0.1796891088947628,3.298107304551761,0.14551835646808797
disjoint_ab,16384,268435456,L14H0,64,5.46207550102854e-05,0.16816438127265987,0.1681097605176496,0.20507230145989758,0.19100747353512548,0.01406482792477187,0.30450493728937866,0.17971403896958926,3.3073481114406373,0.14551835646808797
disjoint_ab,16384,268435456,L14H0,128,6.385252320674158e-06,0.16811614576997014,0.16810976051764948,0.2016440553405037,0.18537518930787777,0.01626886603262604,0.2485310579323586,0.179703225181628,8.422726263829732,0.14551835646808797
disjoint_ab,16384,268435456,L14H6,16,0.014494800264252938,0.19142541055746504,0.1769306102932121,0.2338608697829373,0.23369577058037355,0.00016509920256372213,0.980861260298459,0.22302997058524243,0.22838891315691595,-2.1670472871414788
disjoint_ab,16384,268435456,L14H6,32,0.006388481534236637,0.1833190918274486,0.17693061029321197,0.23209877497433015,0.23161345752550372,0.00048531744882636955,0.9144550093007487,0.22607419263851822,0.2670916739002116,-2.1670472871414788
disjoint_ab,16384,268435456,L14H6,64,0.0019113418032892582,0.1788419520965014,0.17693061029321214,0.23121361757570497,0.22989434248431975,0.0013192750913854198,0.8262136060314645,0.22945823368447077,0.29482109618889446,-2.1670472871414788
disjoint_ab,16384,268435456,L14H6,128,0.00026093467384005753,0.17719154496705214,0.17693061029321208,0.2305009548027683,0.22821229320068048,0.002288661602088192,0.749319888720503,0.23295240578385765,0.36867578409396773,-2.1670472871414788
disjoint_ab,16384,268435456,L27H0,16,0.06621435053995205,0.3098050406246552,0.24359069008470313,0.6813955718539028,0.6611322376355324,0.020263334218370083,1.0974945103393547,0.4009886312552356,0.529326873856125,11.914335556143572
disjoint_ab,16384,268435456,L27H0,32,0.030701182517889225,0.27429187260259247,0.24359069008470324,0.6689641993272815,0.6460748135336123,0.022889385793669108,0.9931808130864436,0.3775733748186095,0.5237503268021216,11.914335556143572
disjoint_ab,16384,268435456,L27H0,64,0.010166615182591635,0.2537573052672949,0.24359069008470327,0.6599725526119783,0.6326495826848209,0.027322969927157353,0.8825898902283652,0.3699105047208468,0.6603716848623025,11.914335556143572
disjoint_ab,16384,268435456,L27H0,128,0.0014838764464056129,0.2450745665311088,0.2435906900847032,0.6525179865920642,0.6216437435148682,0.03087424307719611,0.8072386219420471,0.3710574770637269,0.8581814844698038,11.914335556143572
disjoint_ab,16384,268435456,L27H6,16,0.03159018422650407,0.16429479025164706,0.132704606025143,0.582617131540327,0.5657206263700165,0.016896505170310393,1.0043761972902618,0.23813184456618014,0.3240055123630815,17.285298561562968
disjoint_ab,16384,268435456,L27H6,32,0.012034952586807585,0.1447395586119505,0.13270460602514292,0.572085620394494,0.5511755983911082,0.02091002200338577,0.8367248377632408,0.21314102061273796,0.2901706029222675,17.285298561562968
disjoint_ab,16384,268435456,L27H6,64,0.0035316476523880804,0.13623625367753092,0.13270460602514283,0.5606692157640792,0.5381365825939681,0.022532633170111182,0.7787827989623464,0.19841064838836858,0.2799212731366014,17.285298561562968
disjoint_ab,16384,268435456,L27H6,128,0.0004918290246668665,0.13319643504980969,0.1327046060251428,0.5571699759017688,0.5311966933592671,0.02597328254250147,0.7063907127479063,0.19068106296968954,0.27457644383985136,17.285298561562968
disjoint_ab,65536,4294967296,L14H0,16,0.000820028667179028,0.12443518690710667,0.12361515823992764,0.21723306862937783,0.2157895806538982,0.0014434879754792373,0.4083411233470647,0.12943091748442312,0.14693204357314238,0.2033859951627388
disjoint_ab,65536,4294967296,L14H0,32,0.0001722884566866263,0.12378744669661448,0.12361515823992786,0.17809025446664006,0.17401525965444337,0.004074994812196744,0.33515041352159275,0.12924745720341257,1.554110262500284,0.2033859951627388
disjoint_ab,65536,4294967296,L14H0,64,4.8793701658691474e-05,0.12366395194158661,0.12361515823992791,0.16481113198643071,0.15895462310315947,0.005856508883271674,0.2726239328480229,0.12984435968494185,1.5691428544483588,0.2033859951627388
disjoint_ab,65536,4294967296,L14H0,128,5.3127349872481476e-06,0.12362047097491496,0.12361515823992772,0.16108443951526585,0.15389878323303513,0.007185656282230646,0.22374362178632176,0.1298823009022364,5.970510566173906,0.2033859951627388
disjoint_ab,65536,4294967296,L14H6,16,0.009442602113088314,0.188014833462711,0.1785722313496227,0.21253178974440676,0.21241607816933133,0.00011571157507598608,0.8679999513194068,0.22219674960107672,0.23380106443374885,-2.062910588379136
disjoint_ab,65536,4294967296,L14H6,32,0.004876086703531043,0.18344831805315398,0.17857223134962294,0.2107646955812436,0.21054108627315204,0.00022360930809176818,0.8041811356517325,0.24205012309193058,0.23836703697753678,-2.062910588379136
disjoint_ab,65536,4294967296,L14H6,64,0.0016829472188174038,0.1802551785684404,0.178572231349623,0.20998121562577388,0.20944265729383124,0.0005385583319424516,0.7268904936014767,0.24905202089075948,0.2753443384056306,-2.062910588379136
disjoint_ab,65536,4294967296,L14H6,128,0.00023532063017566663,0.17880755197979828,0.1785722313496226,0.20939943858773052,0.2086704794148826,0.0007289591728484534,0.6610738348088875,0.2558655042148393,0.36907152385922004,-2.062910588379136
disjoint_ab,65536,4294967296,L27H0,16,0.06423903016031933,0.36158351039365466,0.2973444802333353,0.6902993957884572,0.6854577626560934,0.00484163313236385,1.100548110947272,0.4291307419983394,0.5606411592563957,11.905372386018357
disjoint_ab,65536,4294967296,L27H0,32,0.030091323175163522,0.3274358034084988,0.2973444802333353,0.6782631942418829,0.6719527282323493,0.006310466009533548,0.998604269939685,0.4005981208504882,0.607034399554339,11.905372386018357
disjoint_ab,65536,4294967296,L27H0,64,0.010128879342359783,0.30747335957569516,0.2973444802333354,0.6680471971641784,0.6599641235978153,0.008083073566363138,0.8863049234153317,0.38573197595686387,0.6632235619801015,11.905372386018357
disjoint_ab,65536,4294967296,L27H0,128,0.0016310473095139035,0.2989755275428493,0.2973444802333354,0.6613972221233236,0.6517423534707537,0.009654868652570012,0.8114801411201646,0.3799197598409924,0.7494224385825891,11.905372386018357
disjoint_ab,65536,4294967296,L27H6,16,0.04064257214842972,0.21152540850108398,0.17088283635265425,0.6185602417919004,0.5886093994048422,0.029950842387058075,1.0144374409079377,0.2635286988433595,0.3410614800287306,17.104779680812825
disjoint_ab,65536,4294967296,L27H6,32,0.01720209548804692,0.1880849318407012,0.1708828363526543,0.6071277309368937,0.5753402352931275,0.031787495643766296,0.8422936063022018,0.23484961155756906,0.3080430190689735,17.104779680812825
disjoint_ab,65536,4294967296,L27H6,64,0.005453028779908319,0.17633586513256266,0.17088283635265433,0.5979084129551684,0.5641615785050417,0.03374683445012663,0.7835113715922709,0.220013347881765,0.3040783525967669,17.104779680812825
disjoint_ab,65536,4294967296,L27H6,128,0.0008106335176898733,0.17169346987034417,0.1708828363526543,0.5956755036414744,0.5590516637577456,0.03662383988372863,0.7095174400385147,0.21387220781110494,0.30723027084948684,17.104779680812825
disjoint_ba,16384,268435456,L14H0,16,0.0007755789598361994,0.1677831916460226,0.16700761268618639,0.33316680564002465,0.3238659697910736,0.009300835848951052,0.5692102323822844,0.18094290256000148,0.226087408768983,0.32613760439608974
disjoint_ba,16384,268435456,L14H0,32,0.00019098639820169542,0.1671985990843882,0.1670076126861865,0.21777147329642896,0.20948697459409613,0.008284498702332782,0.42651272465155693,0.18108090403863347,1.2793769781502229,0.32613760439608974
disjoint_ba,16384,268435456,L14H0,64,4.904924792796651e-05,0.16705666193411448,0.1670076126861865,0.20016116873132525,0.1880452467332337,0.01211592199809156,0.34164811138331963,0.18135757500127808,1.2926241609184326,0.32613760439608974
disjoint_ba,16384,268435456,L14H0,128,5.756813493988449e-06,0.16701336949968054,0.16700761268618655,0.19801944210637304,0.18425580078726803,0.013763641319104992,0.27946504509459447,0.18144641171879122,10.435594507317134,0.32613760439608974
disjoint_ba,16384,268435456,L14H6,16,0.008413303780710544,0.10052691835902533,0.09211361457831478,0.12365375794329977,0.12350574978280125,0.00014800816049874934,0.9075612074926088,0.1123649446385659,0.11949213722694633,-2.334459965068019
disjoint_ba,16384,268435456,L14H6,32,0.004160974098351299,0.09627458867666595,0.09211361457831466,0.12159349880547134,0.12119714505546801,0.00039635375000315236,0.8461544579547892,0.11026147553192511,0.119323574626229,-2.334459965068019
disjoint_ba,16384,268435456,L14H6,64,0.001434428388171627,0.09354804296648656,0.09211361457831493,0.12070029740494646,0.11979099787062143,0.0009092995343253044,0.7738032276807869,0.10932494693791839,0.12604916864386906,-2.334459965068019
disjoint_ba,16384,268435456,L14H6,128,0.00021492628713987486,0.09232854086545476,0.09211361457831489,0.11998511347238508,0.11855864235595828,0.0014264711164275164,0.6973756482933514,0.10981367748968501,0.17056218375103271,-2.334459965068019
disjoint_ba,16384,268435456,L27H0,16,0.003853607455774427,0.3870301001413805,0.38317649268560605,0.9714821090182478,0.9582555597794147,0.013226549238833037,1.1243543146177346,0.8625394997056753,0.8688952085720171,14.53348864654947
disjoint_ba,16384,268435456,L27H0,32,0.0017474019256462259,0.3849238946112524,0.3831764926856062,0.9702818324574449,0.9515633767744454,0.018718455682999454,1.0236280875613395,0.8485228118949669,0.7738377973617883,14.53348864654947
disjoint_ba,16384,268435456,L27H0,64,0.0005714360019773932,0.3837479286875836,0.3831764926856062,0.9695739208983825,0.9505219031185422,0.019052017779840124,0.9146322939109504,0.8388657885728374,0.7390319690680581,14.53348864654947
disjoint_ba,16384,268435456,L27H0,128,8.688407778913217e-05,0.3832633767633953,0.38317649268560616,0.968964813093449,0.9496041215937211,0.01936069149972786,0.8436527662707328,0.8355346726839351,0.7212578202487195,14.53348864654947
disjoint_ba,16384,268435456,L27H6,16,0.024757647655681118,0.3898464026529208,0.3650887549972397,0.7360523063990535,0.728610470693617,0.007441835705436543,1.0631824809516726,0.5044631691942927,0.5552302195171325,17.343461337453927
disjoint_ba,16384,268435456,L27H6,32,0.010297458953551079,0.37538621395079064,0.3650887549972396,0.7269416547320431,0.7122349369828619,0.014706717749181173,0.878168951828886,0.472952570794878,0.5256124563454547,17.343461337453927
disjoint_ba,16384,268435456,L27H6,64,0.003078425714948703,0.36816718071218824,0.36508875499723953,0.7214689699179161,0.7026096759482423,0.018859293969673785,0.8162408215461394,0.46701137810752524,0.5483072188812423,17.343461337453927
disjoint_ba,16384,268435456,L27H6,128,0.00042378445349475696,0.36551253945073425,0.3650887549972395,0.7174616683457001,0.686320992099384,0.031140676246316105,0.7405591083351154,0.4623193052084054,0.6358313301010633,17.343461337453927
disjoint_ba,65536,4294967296,L14H0,16,0.0009116721104627435,0.19561022962077784,0.1946985575103151,0.315854470713845,0.3138997286775725,0.001954742036272009,0.4716299299295572,0.20355357899275783,0.23204618439023433,0.3483553598529756
disjoint_ba,65536,4294967296,L14H0,32,0.00016768538945001872,0.19486624289976515,0.19469855751031512,0.2526783604829244,0.24962417653030697,0.003054183952617371,0.37704247031354576,0.20349264774738676,1.386680083982121,0.3483553598529756
disjoint_ba,65536,4294967296,L14H0,64,4.2751342085333975e-05,0.19474130885240054,0.1946985575103152,0.23796615246300495,0.23353967090590036,0.004426481557104696,0.3090235937227014,0.20369121139567808,1.4586132512784324,0.3483553598529756
disjoint_ba,65536,4294967296,L14H0,128,5.6132690907128456e-06,0.19470417077940583,0.19469855751031512,0.23519239427442504,0.23014444558989333,0.005047948684531641,0.25924493742073584,0.20385102347172493,8.07012970673036,0.3483553598529756
disjoint_ba,65536,4294967296,L14H6,16,0.006654185038984967,0.11307447299825692,0.10642028795927196,0.12845743204626361,0.12835010843529482,0.0001073236109675915,0.8018736649121261,0.11987277569453116,0.12639133581034692,-2.155281889972528
disjoint_ba,65536,4294967296,L14H6,32,0.0034523545662537686,0.10987264252552577,0.106420287959272,0.12672053264201327,0.12648627554634387,0.00023425709566920856,0.7515119785437665,0.1183591810773754,0.1273551622776052,-2.155281889972528
disjoint_ba,65536,4294967296,L14H6,64,0.0012231053367741285,0.10764339329604608,0.10642028795927196,0.12599373100300032,0.12541122341952918,0.0005825075834712238,0.6835530118366843,0.11793290651326077,0.13406111906197618,-2.155281889972528
disjoint_ba,65536,4294967296,L14H6,128,0.00019109302210730216,0.10661138098137925,0.10642028795927194,0.12543536871824948,0.12467310540460443,0.0007622633136453761,0.6187588565528522,0.1182965159937184,0.15878431442907204,-2.155281889972528
disjoint_ba,65536,4294967296,L27H0,16,0.023432680858630876,0.4369103501668891,0.41347766930825824,0.8733922698941862,0.8691266549741021,0.0042656149200841365,1.0861058860707704,0.6546261244205946,0.7404266548043942,13.031776647631023
disjoint_ba,65536,4294967296,L27H0,32,0.01048356867567958,0.42396123798393776,0.4134776693082582,0.8688304464024806,0.863725246191911,0.005105200210569543,0.9842642860155484,0.6290799169873083,0.7807780444957474,13.031776647631023
disjoint_ba,65536,4294967296,L27H0,64,0.0034363476231178787,0.4169140169313761,0.4134776693082582,0.8651408372519737,0.859495033543108,0.005645803708865635,0.8798339481321749,0.6173554626394994,0.7182437918298485,13.031776647631023
disjoint_ba,65536,4294967296,L27H0,128,0.0005402051603519641,0.4140178744686102,0.41347766930825824,0.8622525655514645,0.8559441460141367,0.006308419537327747,0.8099630855035036,0.6129717721836058,0.7279843924391903,13.031776647631023
disjoint_ba,65536,4294967296,L27H6,16,0.03452390842297227,0.31299194020515747,0.2784680317821852,0.6965807062592498,0.6887655595882859,0.007815146670963977,1.0290540601063396,0.3888028640824069,0.45839156026241856,17.61652483988994
disjoint_ba,65536,4294967296,L27H6,32,0.013387170862160104,0.2918552026443452,0.2784680317821851,0.6886884282076222,0.6793217665653389,0.00936666164228317,0.8532740482009995,0.36267682141588214,0.4298804774365131,17.61652483988994
disjoint_ba,65536,4294967296,L27H6,64,0.0037826637794820686,0.2822506955616673,0.27846803178218527,0.6834646363664856,0.6724897809376836,0.010974855428801925,0.7918235779947334,0.35179063500139257,0.4391919101354256,17.61652483988994
disjoint_ba,65536,4294967296,L27H6,128,0.0005259526927011786,0.27899398447488616,0.278468031782185,0.6807266791407807,0.668441871678682,0.012284807462098746,0.7204458432016788,0.3460103343476648,0.48503982116933525,17.61652483988994
